沼田春雄	ヌ	ヌ
沼田藩	ヌ	ヌ
ヌアクショット	ヌアクショット	ヌ
ヌアクショット空港	ヌアクショットクウコウ	ヌ
ヌアザ	ヌアザ	ヌ
ヌアディブ	ヌアディブ	ヌ
ヌアパップリック	ヌアパップリック	ヌ
ヌィグメトヌルマコフ	ヌィグメトヌルマコフ	ヌ
ヌィグメト・ヌルマコフ	ヌィグメトヌルマコフ	ヌ
縫い	ヌイ	ヌ
縫イ	ヌイ	ヌ
縫一	ヌイ	ヌ
縫李	ヌイ	ヌ
縫	ヌイ	ヌ
奴井	ヌイ	ヌ
nuy	ヌイ	ヌ
ぬい	ヌイ	ヌ
NUY	ヌイ	ヌ
ヌイ	ヌイ	ヌ
ぬい揚	ヌイアゲ	ヌ
ぬい上げ	ヌイアゲ	ヌ
縫揚	ヌイアゲ	ヌ
縫上げ	ヌイアゲ	ヌ
ぬい揚げ	ヌイアゲ	ヌ
縫上	ヌイアゲ	ヌ
ヌイ上	ヌイアゲ	ヌ
縫揚げ	ヌイアゲ	ヌ
ぬい上	ヌイアゲ	ヌ
ヌイ揚	ヌイアゲ	ヌ
ヌイイ	ヌイイ	ヌ
ヌイイシュルマルヌ	ヌイイシュルマルヌ	ヌ
ヌイイ＝シュル＝マルヌ	ヌイイシュルマルヌ	ヌ
ヌイイ条約	ヌイイジョウヤク	ヌ
縫イ糸	ヌイイト	ヌ
ヌイ糸	ヌイイト	ヌ
縫い糸	ヌイイト	ヌ
縫いと	ヌイイト	ヌ
縫いいと	ヌイイト	ヌ
縫糸	ヌイイト	ヌ
縫イイト	ヌイイト	ヌ
ぬい糸	ヌイイト	ヌ
縫イト	ヌイイト	ヌ
ヌイイ＝プレザンス	ヌイイプレザンス	ヌ
ヌイイプレザンス	ヌイイプレザンス	ヌ
縫川	ヌイカワ	ヌ
ヌイ環礁	ヌイカンショウ	ヌ
ぬいぐる症	ヌイグルショウ	ヌ
縫イグルミ	ヌイグルミ	ヌ
ヌイグルミ	ヌイグルミ	ヌ
縫いぐるみ	ヌイグルミ	ヌ
ぬいぐるみ	ヌイグルミ	ヌ
ぬいぐるみさん	ヌイグルミサン	ヌ
ぬいぐるみさんとの暮らし方	ヌイグルミサントノクラシカタ	ヌ
ぬいぐるみっくす	ヌイグルミックス	ヌ
ぬいぐるみ人形劇ショッコラン	ヌイグルミニンギョウゲキショッコラン	ヌ
ぬいぐるみのラパン	ヌイグルミノラパン	ヌ
ぬいぐるみ病院	ヌイグルミビョウイン	ヌ
ぬいぐるみを被る少年チッチョ	ヌイグルミヲカブルショウネンチッチョ	ヌ
ヌイグルメン！	ヌイグルメン	ヌ
ヌイグルメン	ヌイグルメン	ヌ
ヌイグルメン!	ヌイグルメン	ヌ
ぬいぐろみ	ヌイグロミ	ヌ
ぬい子	ヌイコ	ヌ
ヌイ子	ヌイコ	ヌ
縫子	ヌイコ	ヌ
ヌイコグマ	ヌイコグマ	ヌ
ヌイコミ	ヌイコミ	ヌ
ヌイ込	ヌイコミ	ヌ
ぬい込	ヌイコミ	ヌ
縫コミ	ヌイコミ	ヌ
縫こみ	ヌイコミ	ヌ
縫込み	ヌイコミ	ヌ
縫込	ヌイコミ	ヌ
ぬいこみ	ヌイコミ	ヌ
ぬい込み	ヌイコミ	ヌ
ヌイサマ	ヌイサマ	ヌ
貫里	ヌイザト	ヌ
ヌイ代	ヌイシロ	ヌ
ぬい代	ヌイシロ	ヌ
縫しろ	ヌイシロ	ヌ
縫シロ	ヌイシロ	ヌ
縫代	ヌイシロ	ヌ
縫い代	ヌイシロ	ヌ
縫嶋	ヌイジマ	ヌ
縫島	ヌイジマ	ヌ
縫田	ヌイタ	ヌ
ヌイタイン県	ヌイタインケン	ヌ
縫谷	ヌイタニ	ヌ
ヌイテル?	ヌイテル	ヌ
ヌイテル	ヌイテル	ヌ
nuito	ヌイト	ヌ
縫十	ヌイト	ヌ
ヌイト	ヌイト	ヌ
縫いとり	ヌイトリ	ヌ
縫イ取	ヌイトリ	ヌ
縫い取り	ヌイトリ	ヌ
ヌイ取リ	ヌイトリ	ヌ
縫イトリ	ヌイトリ	ヌ
縫い取	ヌイトリ	ヌ
ヌイ取	ヌイトリ	ヌ
縫とり	ヌイトリ	ヌ
縫取り	ヌイトリ	ヌ
縫取リ	ヌイトリ	ヌ
縫トリ	ヌイトリ	ヌ
ぬい取り	ヌイトリ	ヌ
縫取	ヌイトリ	ヌ
ぬい取	ヌイトリ	ヌ
縫イ取リ	ヌイトリ	ヌ
縫取織	ヌイトリオリ	ヌ
縫道イシヤマ	ヌイドウイシヤマ	ヌ
縫どういしやま	ヌイドウイシヤマ	ヌ
ぬい道石山	ヌイドウイシヤマ	ヌ
ヌイ道石山	ヌイドウイシヤマ	ヌ
縫どう石山	ヌイドウイシヤマ	ヌ
ヌイドウ石山	ヌイドウイシヤマ	ヌ
ヌイ道イシヤマ	ヌイドウイシヤマ	ヌ
ぬいどう石山	ヌイドウイシヤマ	ヌ
ぬい道いしやま	ヌイドウイシヤマ	ヌ
ヌイドウイシヤマ	ヌイドウイシヤマ	ヌ
縫道石山	ヌイドウイシヤマ	ヌ
縫道いしやま	ヌイドウイシヤマ	ヌ
縫ドウイシヤマ	ヌイドウイシヤマ	ヌ
縫ドウ石山	ヌイドウイシヤマ	ヌ
ぬいどういしやま	ヌイドウイシヤマ	ヌ
縫殿	ヌイドノ	ヌ
縫殿寮	ヌイドノリョウ	ヌ
ぬい撮り	ヌイドリ	ヌ
奴井名	ヌイナ	ヌ
ぬいなおし	ヌイナオシ	ヌ
縫ナオシ	ヌイナオシ	ヌ
縫直シ	ヌイナオシ	ヌ
ぬい直	ヌイナオシ	ヌ
縫直	ヌイナオシ	ヌ
ヌイ直	ヌイナオシ	ヌ
ヌイ直シ	ヌイナオシ	ヌ
縫直し	ヌイナオシ	ヌ
ぬい直し	ヌイナオシ	ヌ
縫なおし	ヌイナオシ	ヌ
ヌイナオシ	ヌイナオシ	ヌ
縫音	ヌイネ	ヌ
縫衣乃	ヌイノ	ヌ
縫野	ヌイノ	ヌ
縫ノ池	ヌイノイケ	ヌ
縫司	ヌイノツカサ	ヌ
縫箔	ヌイハク	ヌ
ヌイハク	ヌイハク	ヌ
ヌイ箔	ヌイハク	ヌ
縫ハク	ヌイハク	ヌ
ぬい箔	ヌイハク	ヌ
ぬいはく	ヌイハク	ヌ
縫はく	ヌイハク	ヌ
縫い始め	ヌイハジメ	ヌ
縫原	ヌイハラ	ヌ
ぬい針	ヌイハリ	ヌ
ぬいはり	ヌイハリ	ヌ
縫針	ヌイハリ	ヌ
ヌイ針	ヌイハリ	ヌ
縫はり	ヌイハリ	ヌ
縫ハリ	ヌイハリ	ヌ
ヌイハリ	ヌイハリ	ヌ
縫原川	ヌイバラガワ	ヌ
縫原町	ヌイバラチョウ	ヌ
ヌイバリ	ヌイバリ	ヌ
ぬいばり	ヌイバリ	ヌ
縫部	ヌイベ	ヌ
縫別	ヌイベツ	ヌ
ヌイ別	ヌイベツ	ヌ
ぬい別	ヌイベツ	ヌ
縫ベツ	ヌイベツ	ヌ
縫べつ	ヌイベツ	ヌ
縫別駅	ヌイベツエキ	ヌ
縫ベツガワ	ヌイベツガワ	ヌ
ヌイ別川	ヌイベツガワ	ヌ
縫ベツ川	ヌイベツガワ	ヌ
縫別ガワ	ヌイベツガワ	ヌ
縫べつ川	ヌイベツガワ	ヌ
縫別川	ヌイベツガワ	ヌ
ヌイ別ガワ	ヌイベツガワ	ヌ
ヌイベツ川	ヌイベツガワ	ヌ
ぬいべつ川	ヌイベツガワ	ヌ
ぬい別川	ヌイベツガワ	ヌ
ヌイベツガワ	ヌイベツガワ	ヌ
縫実	ヌイミ	ヌ
縫村	ヌイムラ	ヌ
縫イ目	ヌイメ	ヌ
縫イメ	ヌイメ	ヌ
縫いめ	ヌイメ	ヌ
ヌイ目	ヌイメ	ヌ
ぬい目	ヌイメ	ヌ
縫目	ヌイメ	ヌ
縫め	ヌイメ	ヌ
縫い目	ヌイメ	ヌ
縫メ	ヌイメ	ヌ
ヌイ物	ヌイモノ	ヌ
縫もの	ヌイモノ	ヌ
縫イモノ	ヌイモノ	ヌ
縫物	ヌイモノ	ヌ
縫モノ	ヌイモノ	ヌ
ぬい物	ヌイモノ	ヌ
縫いもの	ヌイモノ	ヌ
縫い物	ヌイモノ	ヌ
縫イ物	ヌイモノ	ヌ
ぬいも様	ヌイモヨウ	ヌ
ぬいもよう	ヌイモヨウ	ヌ
縫模様	ヌイモヨウ	ヌ
ぬい模様	ヌイモヨウ	ヌ
縫もよう	ヌイモヨウ	ヌ
ヌイ模ヨウ	ヌイモヨウ	ヌ
縫モ様	ヌイモヨウ	ヌ
ヌイモヨウ	ヌイモヨウ	ヌ
縫模ヨウ	ヌイモヨウ	ヌ
ヌイモ様	ヌイモヨウ	ヌ
ヌイ模様	ヌイモヨウ	ヌ
縫モヨウ	ヌイモヨウ	ヌ
縫も様	ヌイモヨウ	ヌ
ヌイモン	ヌイモン	ヌ
ぬいもん	ヌイモン	ヌ
ぬい紋	ヌイモン	ヌ
縫モン	ヌイモン	ヌ
縫もん	ヌイモン	ヌ
縫紋	ヌイモン	ヌ
ヌイ紋	ヌイモン	ヌ
縫山	ヌイヤマ	ヌ
ぬいゆ	ヌイユ	ヌ
ヌイユ	ヌイユ	ヌ
ヌイル	ヌイル	ヌ
ヌイ・ル	ヌイル	ヌ
ヌゥ	ヌゥ	ヌ
NUU	ヌウ	ヌ
ヌウ	ヌウ	ヌ
nuu	ヌウ	ヌ
ヌウアヌパリ・ルックアウト	ヌウアヌパリルックアウト	ヌ
ヌウアヌパリルックアウト	ヌウアヌパリルックアウト	ヌ
Nuuamm	ヌウアム	ヌ
nuuamm	ヌウアム	ヌ
ヌウアム	ヌウアム	ヌ
NUUAMM	ヌウアム	ヌ
ヌウドヤマ	ヌウドヤマ	ヌ
ぬうどやま	ヌウドヤマ	ヌ
縫戸山	ヌウドヤマ	ヌ
饒波	ヌウハ	ヌ
鵼	ヌエ	ヌ
奴延鳥	ヌエ	ヌ
ヌエ	ヌエ	ヌ
鵺	ヌエ	ヌ
沼江	ヌエ	ヌ
ヌエクサ	ヌエクサ	ヌ
萎草	ヌエクサ	ヌ
ヌエクワガタ	ヌエクワガタ	ヌ
夜鳥子	ヌエコ	ヌ
ヌエゴケ	ヌエゴケ	ヌ
鵺代	ヌエシロ	ヌ
NWEC	ヌエック	ヌ
ヌエック	ヌエック	ヌ
nwec	ヌエック	ヌ
ヌエテキ	ヌエテキ	ヌ
鵺野	ヌエノ	ヌ
鵺の砦	ヌエノトリデ	ヌ
鵺野鳴介	ヌエノメイスケ	ヌ
鵺のよう	ヌエノヨウ	ヌ
鵺派	ヌエハ	ヌ
ヌエハゼ	ヌエハゼ	ヌ
ヌエバ・エスパルタ州	ヌエバエスパルタシュウ	ヌ
ヌエバエスパルタ州	ヌエバエスパルタシュウ	ヌ
ヌエバ・カンシオン	ヌエバカンシオン	ヌ
ヌエバカンシオン	ヌエバカンシオン	ヌ
ヌエバグラナダ	ヌエバグラナダ	ヌ
ヌエバ・グラナダ	ヌエバグラナダ	ヌ
nueva granada	ヌエバグラナダ	ヌ
Nueva Granada	ヌエバグラナダ	ヌ
ヌエバグラナダ副王領	ヌエバグラナダフクオウリョウ	ヌ
ヌエバ・グラナダ副王領	ヌエバグラナダフクオウリョウ	ヌ
ヌエバチカゴ	ヌエバチカゴ	ヌ
ヌエバ・チカゴ	ヌエバチカゴ	ヌ
ヌエバロハ	ヌエバロハ	ヌ
ヌエバ・ロハ	ヌエバロハ	ヌ
ヌエボ	ヌエボ	ヌ
ぬえぼ	ヌエボ	ヌ
ヌエボエスタディオデマラボ	ヌエボエスタディオデマラボ	ヌ
ヌエボ・エスタディオ・デ・マラボ	ヌエボエスタディオデマラボ	ヌ
ヌエボ・ソル	ヌエボソル	ヌ
ヌエボソル	ヌエボソル	ヌ
ヌエボ橋	ヌエボバシ	ヌ
ヌエボラレド	ヌエボラレド	ヌ
ヌエボ・ラレド	ヌエボラレド	ヌ
ヌエボ・レオン州	ヌエボレオンシュウ	ヌ
ヌエボレオン州	ヌエボレオンシュウ	ヌ
ヌエラ	ヌエラ	ヌ
鵺りつき	ヌエリツキ	ヌ
ぬえりつき	ヌエリツキ	ヌ
鵼りつき	ヌエリツキ	ヌ
ヌエル	ヌエル	ヌ
ヌエル語	ヌエルゴ	ヌ
ヌエル族	ヌエルゾク	ヌ
ヌエンドファイブ	ヌエンドファイブ	ヌ
nuendo 5	ヌエンドファイブ	ヌ
Nuendo 5	ヌエンドファイブ	ヌ
ヌエヴァ・エシハ州	ヌエヴァエシハシュウ	ヌ
ヌエヴァエシハ州	ヌエヴァエシハシュウ	ヌ
ヌエヴァヴィスカヤ州	ヌエヴァヴィスカヤシュウ	ヌ
ヌエヴァ・ヴィスカヤ州	ヌエヴァヴィスカヤシュウ	ヌ
ヌオ	ヌオ	ヌ
누오	ヌオ	ヌ
ヌオウ	ヌオウ	ヌ
ヌオルガム	ヌオルガム	ヌ
ヌオン・チア	ヌオンチア	ヌ
ヌオンチア	ヌオンチア	ヌ
糠	ヌカ	ヌ
奴賀	ヌカ	ヌ
怒賀	ヌカ	ヌ
ぬかあぶら	ヌカアブラ	ヌ
糠アブラ	ヌカアブラ	ヌ
糠あぶら	ヌカアブラ	ヌ
ヌカ油	ヌカアブラ	ヌ
糠油	ヌカアブラ	ヌ
ぬか油	ヌカアブラ	ヌ
ヌカアブラ	ヌカアブラ	ヌ
糠アメ	ヌカアメ	ヌ
糠雨	ヌカアメ	ヌ
ぬか雨	ヌカアメ	ヌ
ぬかあめ	ヌカアメ	ヌ
ヌカアメ	ヌカアメ	ヌ
糠あめ	ヌカアメ	ヌ
ヌカ雨	ヌカアメ	ヌ
額井	ヌカイ	ヌ
額井岳	ヌカイダケ	ヌ
ヌカイトナデシコ	ヌカイトナデシコ	ヌ
ヌカイペニアミナ	ヌカイペニアミナ	ヌ
ヌカイ・ペニアミナ	ヌカイペニアミナ	ヌ
ヌカウロコアリ	ヌカウロコアリ	ヌ
糠鱗蟻	ヌカウロコアリ	ヌ
ヌカエビ	ヌカエビ	ヌ
額乙丸	ヌカオトマル	ヌ
額乙丸町	ヌカオトマルマチ	ヌ
ヌカカ	ヌカカ	ヌ
糠蚊	ヌカカ	ヌ
糠賀	ヌカガ	ヌ
糠加	ヌカガ	ヌ
額賀章夫	ヌカガアキオ	ヌ
額賀靖生	ヌカガジョウ	ヌ
額賀剛治	ヌカガタケハル	ヌ
額賀辰徳	ヌカガタツノリ	ヌ
額賀長官	ヌカガチョウカン	ヌ
額賀派	ヌカガハ	ヌ
額賀福志郎	ヌカガフクシロウ	ヌ
額賀澪	ヌカガミオ	ヌ
額賀康彦	ヌカガヤスヒコ	ヌ
額狩	ヌカガリ	ヌ
ヌカキビ	ヌカキビ	ヌ
奴可郡	ヌカグ	ヌ
ヌカゴ	ヌカゴ	ヌ
ぬかご	ヌカゴ	ヌ
糠子島	ヌカゴジマ	ヌ
零余子草	ヌカゴソウ	ヌ
ヌカゴソウ	ヌカゴソウ	ヌ
糠坂	ヌカサカ	ヌ
ぬかさんま	ヌカサンマ	ヌ
糠澤	ヌカザワ	ヌ
糠沢	ヌカザワ	ヌ
糠沢駅	ヌカザワエキ	ヌ
糠沢和夫	ヌカザワカズオ	ヌ
糠沢川	ヌカザワガワ	ヌ
額新	ヌカシン	ヌ
額新保	ヌカシンボ	ヌ
額新町	ヌカシンマチ	ヌ
ヌカジュウタクマエ	ヌカジュウタクマエ	ヌ
ぬかじゅうたくまえ	ヌカジュウタクマエ	ヌ
額住宅前	ヌカジュウタクマエ	ヌ
額住宅前駅	ヌカジュウタクマエエキ	ヌ
糠白釉	ヌカジロユウ	ヌ
奴可神社	ヌカジンジャ	ヌ
糠塚川	ヌカズカガワ	ヌ
奴加豆支	ヌカズキ	ヌ
奴加都岐	ヌカズキ	ヌ
ヌカズキ	ヌカズキ	ヌ
額付川	ヌカズキガワ	ヌ
糠千	ヌカセン	ヌ
糠田	ヌカタ	ヌ
額田	ヌカタ	ヌ
額田駅	ヌカタエキ	ヌ
額田成	ヌカタオサム	ヌ
額田川	ヌカタガワ	ヌ
額田郡	ヌカタグン	ヌ
額田県	ヌカタケン	ヌ
額田事業所	ヌカタジギョウショ	ヌ
額田神社	ヌカタジンジャ	ヌ
額田地区	ヌカタチク	ヌ
額田町	ヌカタチョウ	ヌ
糠田飛地	ヌカタトビチ	ヌ
額田今足	ヌカタノイマタリ	ヌ
額田王	ヌカタノオオキミ	ヌ
額田女王	ヌカタノオオキミ	ヌ
額田大中彦皇子	ヌカタノオオナカツヒコノオウジ	ヌ
額田のダシ行事	ヌカタノダシギョウジ	ヌ
額田人足	ヌカタノヒトタリ	ヌ
糠田橋	ヌカタバシ	ヌ
額田長	ヌカタヒサシ	ヌ
額田部	ヌカタベ	ヌ
額田部氏	ヌカタベウジ	ヌ
額田部駅	ヌカタベエキ	ヌ
額田部北	ヌカタベキタ	ヌ
額田部北町	ヌカタベキタマチ	ヌ
額田部寺	ヌカタベテラ	ヌ
額田部寺町	ヌカタベテラマチ	ヌ
額田部蘇提売	ヌカタベノソテメ	ヌ
額田部林	ヌカタベノハヤシ	ヌ
額田部比羅夫	ヌカタベノヒラブ	ヌ
額田部広麻呂	ヌカタベノヒロマロ	ヌ
額田部南	ヌカタベミナミ	ヌ
額田部南町	ヌカタベミナミチョウ	ヌ
額田雅裕	ヌカタマサヒロ	ヌ
額田山内氏	ヌカタヤマウチシ	ヌ
額田豊	ヌカタユタカ	ヌ
糖田	ヌカダ	ヌ
額田医学生物学研究所	ヌカダイガクセイブツガクケンキュウジョ	ヌ
額田巌	ヌカダイワオ	ヌ
ヌカダカアナバチ	ヌカダカアナバチ	ヌ
額高穴蜂	ヌカダカアナバチ	ヌ
糠田川	ヌカダガワ	ヌ
額田北郷	ヌカダキタゴウ	ヌ
額田郡一揆	ヌカダゴオリイッキ	ヌ
額田晋	ヌカダススム	ヌ
額谷	ヌカダニ	ヌ
額谷町	ヌカダニマチ	ヌ
額田藩	ヌカダハン	ヌ
額田東郷	ヌカダヒガシゴウ	ヌ
額田久徳	ヌカダヒサノリ	ヌ
額田南郷	ヌカダミナミゴウ	ヌ
額田やえ子	ヌカダヤエコ	ヌ
額田六福	ヌカダロップク	ヌ
糠地	ヌカチ	ヌ
糠塚まりや	ヌカツカマリヤ	ヌ
糠塚康江	ヌカツカヤスエ	ヌ
糠坪	ヌカツボ	ヌ
糖塚	ヌカヅカ	ヌ
糠塚	ヌカヅカ	ヌ
糠塚貝塚	ヌカヅカカイヅカ	ヌ
糠塚きゅうり	ヌカヅカキュウリ	ヌ
糠塚古墳	ヌカヅカコフン	ヌ
糠塚町	ヌカヅカチョウ	ヌ
ヌカヅカヤマ	ヌカヅカヤマ	ヌ
糠塚山	ヌカヅカヤマ	ヌ
糠塚やま	ヌカヅカヤマ	ヌ
ヌカヅカ山	ヌカヅカヤマ	ヌ
糠塚ヤマ	ヌカヅカヤマ	ヌ
ぬかづかやま	ヌカヅカヤマ	ヌ
ぬかづか山	ヌカヅカヤマ	ヌ
糠ヅケ	ヌカヅケ	ヌ
糠づけ	ヌカヅケ	ヌ
ぬか漬	ヌカヅケ	ヌ
糠漬け	ヌカヅケ	ヌ
ぬか漬け	ヌカヅケ	ヌ
糠漬	ヌカヅケ	ヌ
ヌカ漬	ヌカヅケ	ヌ
ぬか漬けのうた	ヌカヅケノウタ	ヌ
糠手姫皇女	ヌカデヒメノヒメミコ	ヌ
ヌカトガリアナバチ	ヌカトガリアナバチ	ヌ
額尖穴蜂	ヌカトガリアナバチ	ヌ
額戸川	ヌカドガワ	ヌ
ぬか床	ヌカドコ	ヌ
ぬかどこ	ヌカドコ	ヌ
糠内	ヌカナイ	ヌ
ヌカ内川	ヌカナイカワ	ヌ
ぬかないかわ	ヌカナイカワ	ヌ
糠内川	ヌカナイカワ	ヌ
糠内かわ	ヌカナイカワ	ヌ
糠ナイ川	ヌカナイカワ	ヌ
ヌカナイカワ	ヌカナイカワ	ヌ
糠内カワ	ヌカナイカワ	ヌ
糠ナイカワ	ヌカナイカワ	ヌ
糠ない川	ヌカナイカワ	ヌ
ヌカ内カワ	ヌカナイカワ	ヌ
糠ないかわ	ヌカナイカワ	ヌ
ぬか内川	ヌカナイカワ	ヌ
ぬか内かわ	ヌカナイカワ	ヌ
ヌカナイ川	ヌカナイカワ	ヌ
ぬかない川	ヌカナイカワ	ヌ
糠南	ヌカナン	ヌ
ヌカナン一号沢川	ヌカナンイチゴウザワガワ	ヌ
糠南駅	ヌカナンエキ	ヌ
ヌカナン川	ヌカナンガワ	ヌ
ヌカナンガワ	ヌカナンガワ	ヌ
糠に釘	ヌカニクギ	ヌ
糠ニシン	ヌカニシン	ヌ
抜かぬ太刀の高名	ヌカヌタチノコウミョウ	ヌ
糖野	ヌカノ	ヌ
糠野川	ヌカノガワ	ヌ
糠の中にも粉米	ヌカノナカニモコゴメ	ヌ
糖信	ヌカノブ	ヌ
糠信	ヌカノブ	ヌ
糠部郡	ヌカノブグン	ヌ
糠信泰州	ヌカノブタイシュウ	ヌ
糠のめ	ヌカノメ	ヌ
糠の目	ヌカノメ	ヌ
ぬかの目	ヌカノメ	ヌ
糠ノ目	ヌカノメ	ヌ
糠野目	ヌカノメ	ヌ
糠ノメ	ヌカノメ	ヌ
ヌカノ目	ヌカノメ	ヌ
糠野目橋	ヌカノメバシ	ヌ
額東神社	ヌカヒガシジンジャ	ヌ
糠平	ヌカビラ	ヌ
糠平駅	ヌカビラエキ	ヌ
糠平大橋	ヌカビラオオハシ	ヌ
糠平温泉	ヌカビラオンセン	ヌ
糠平川	ヌカビラガワ	ヌ
ぬかびら源泉郷	ヌカビラゲンセンキョウ	ヌ
糠平コ	ヌカビラコ	ヌ
ヌカビラ湖	ヌカビラコ	ヌ
糠平湖	ヌカビラコ	ヌ
ぬかびらこ	ヌカビラコ	ヌ
糠平こ	ヌカビラコ	ヌ
ヌカビラコ	ヌカビラコ	ヌ
ぬかびら湖	ヌカビラコ	ヌ
糠平ダム	ヌカビラダム	ヌ
糠平ダム仮乗降場	ヌカビラダムカリジョウコウジョウ	ヌ
ヌカビラヤマ	ヌカビラヤマ	ヌ
糠平やま	ヌカビラヤマ	ヌ
糠平山	ヌカビラヤマ	ヌ
ぬかびらやま	ヌカビラヤマ	ヌ
ぬかびら山	ヌカビラヤマ	ヌ
ヌカビラ山	ヌカビラヤマ	ヌ
糠平ヤマ	ヌカビラヤマ	ヌ
ヌカピラガワ	ヌカピラガワ	ヌ
額平川	ヌカピラガワ	ヌ
糠福米福	ヌカフクコメフク	ヌ
糠ブクロ	ヌカブクロ	ヌ
ぬか袋	ヌカブクロ	ヌ
ぬかぶくろ	ヌカブクロ	ヌ
ヌカ袋	ヌカブクロ	ヌ
糠ぶくろ	ヌカブクロ	ヌ
ヌカブクロ	ヌカブクロ	ヌ
糠袋	ヌカブクロ	ヌ
糠舟にも船頭	ヌカブネニモセンドウ	ヌ
糠部神社	ヌカベジンジャ	ヌ
ヌカボ	ヌカボ	ヌ
糠穂	ヌカボ	ヌ
糠ボシ	ヌカボシ	ヌ
糠ぼし	ヌカボシ	ヌ
糠星	ヌカボシ	ヌ
ヌカ星	ヌカボシ	ヌ
ぬか星	ヌカボシ	ヌ
ヌカボシクリハラン	ヌカボシクリハラン	ヌ
糠星栗葉蘭	ヌカボシクリハラン	ヌ
糠星草	ヌカボシソウ	ヌ
ヌカボシソウ	ヌカボシソウ	ヌ
ヌカマグラヤマ	ヌカマグラヤマ	ヌ
ぬかまぐらやま	ヌカマグラヤマ	ヌ
糠馬喰山	ヌカマグラヤマ	ヌ
糠真布川	ヌカマップガワ	ヌ
糠マップ川	ヌカマップガワ	ヌ
ヌカマップガワ	ヌカマップガワ	ヌ
糠まっぷ川	ヌカマップガワ	ヌ
ぬかまっぷ川	ヌカマップガワ	ヌ
ヌカ真布川	ヌカマップガワ	ヌ
ヌカ真布ガワ	ヌカマップガワ	ヌ
ぬか真布川	ヌカマップガワ	ヌ
糠マップガワ	ヌカマップガワ	ヌ
ヌカマップ川	ヌカマップガワ	ヌ
糠真布ガワ	ヌカマップガワ	ヌ
ヌカマンベツ川	ヌカマンベツカワ	ヌ
ぬかまんべつかわ	ヌカマンベツカワ	ヌ
ヌカマンベツカワ	ヌカマンベツカワ	ヌ
額見	ヌカミ	ヌ
糠見	ヌカミ	ヌ
糠味噌	ヌカミソ	ヌ
糠ミソ	ヌカミソ	ヌ
ヌカ味噌	ヌカミソ	ヌ
ぬかみそ	ヌカミソ	ヌ
ヌカミソ	ヌカミソ	ヌ
糠みそ	ヌカミソ	ヌ
ぬか味噌	ヌカミソ	ヌ
額見町	ヌカミマチ	ヌ
額宮	ヌカミヤ	ヌ
糠村	ヌカムラ	ヌ
額村	ヌカムラ	ヌ
額村喜美子	ヌカムラキミコ	ヌ
額村麻裕	ヌカムラマユ	ヌ
糠本	ヌカモト	ヌ
ヌカモリ	ヌカモリ	ヌ
ぬか森	ヌカモリ	ヌ
糠盛	ヌカモリ	ヌ
糠もり	ヌカモリ	ヌ
ぬかもり	ヌカモリ	ヌ
糠森	ヌカモリ	ヌ
ヌカ森	ヌカモリ	ヌ
糠モリ	ヌカモリ	ヌ
ヌカ森トウゲ	ヌカモリトウゲ	ヌ
ぬかもり峠	ヌカモリトウゲ	ヌ
糠もりとうげ	ヌカモリトウゲ	ヌ
ヌカモリ峠	ヌカモリトウゲ	ヌ
ぬか森とうげ	ヌカモリトウゲ	ヌ
糠森トウゲ	ヌカモリトウゲ	ヌ
ヌカ森峠	ヌカモリトウゲ	ヌ
ヌカモリトウゲ	ヌカモリトウゲ	ヌ
糠もり峠	ヌカモリトウゲ	ヌ
ぬかもりとうげ	ヌカモリトウゲ	ヌ
糠モリトウゲ	ヌカモリトウゲ	ヌ
糠森峠	ヌカモリトウゲ	ヌ
糠森とうげ	ヌカモリトウゲ	ヌ
糠モリ峠	ヌカモリトウゲ	ヌ
ぬか森峠	ヌカモリトウゲ	ヌ
糠谷	ヌカヤ	ヌ
糖谷	ヌカヤ	ヌ
糠屋	ヌカヤ	ヌ
糠谷和弘	ヌカヤカズヒロ	ヌ
糠谷英輝	ヌカヤヒデキ	ヌ
糠山	ヌカヤマ	ヌ
ヌカヨロコビ	ヌカヨロコビ	ヌ
糠喜び	ヌカヨロコビ	ヌ
糠よろこび	ヌカヨロコビ	ヌ
ぬか喜	ヌカヨロコビ	ヌ
糠喜	ヌカヨロコビ	ヌ
ヌカ喜	ヌカヨロコビ	ヌ
ぬかよろこび	ヌカヨロコビ	ヌ
ぬか喜び	ヌカヨロコビ	ヌ
糠ヨロコビ	ヌカヨロコビ	ヌ
忽滑谷	ヌカリヤ	ヌ
滑谷	ヌカリヤ	ヌ
怱滑谷	ヌカリヤ	ヌ
忽滑谷快天	ヌカリヤカイテン	ヌ
忽滑谷こころ	ヌカリヤココロ	ヌ
泥濘	ヌカルミ	ヌ
ぬかるみ	ヌカルミ	ヌ
ぬかるみの女	ヌカルミノオンナ	ヌ
ぬかるみのしゃかい	ヌカルミノシャカイ	ヌ
抜かれてたまるか	ヌカレテタマルカ	ヌ
ヌカロク	ヌカロク	ヌ
糠を舐りて米に及ぶ	ヌカヲネブリテコメニオヨブ	ヌ
ヌカンライ岳	ヌカンライダケ	ヌ
ヌカンライダケ	ヌカンライダケ	ヌ
ヌカンライノ沢	ヌカンライノサワ	ヌ
ヌカンライノサワ	ヌカンライノサワ	ヌ
ぬかんらいのさわ	ヌカンライノサワ	ヌ
ヌガウンデレ	ヌガウンデレ	ヌ
脱がし屋竜一	ヌガシヤリュウイチ	ヌ
nuga-cel!	ヌガセル	ヌ
ヌガセル	ヌガセル	ヌ
NUGA-CEL!	ヌガセル	ヌ
ヌガティク語	ヌガティクゴ	ヌ
ヌガナサン族	ヌガナサンゾク	ヌ
ヌガヌガチャラナ	ヌガヌガチャラナ	ヌ
抜キ	ヌキ	ヌ
ぬき	ヌキ	ヌ
抜き	ヌキ	ヌ
緯	ヌキ	ヌ
秡	ヌキ	ヌ
抜キアシ	ヌキアシ	ヌ
抜あし	ヌキアシ	ヌ
抜足	ヌキアシ	ヌ
抜き足	ヌキアシ	ヌ
ヌキ足	ヌキアシ	ヌ
ぬき足	ヌキアシ	ヌ
抜アシ	ヌキアシ	ヌ
抜キ足	ヌキアシ	ヌ
抜きあし	ヌキアシ	ヌ
ぬき足差足忍足	ヌキアシサシアシシノビアシ	ヌ
抜アシ差足忍足	ヌキアシサシアシシノビアシ	ヌ
抜き足差あし忍足	ヌキアシサシアシシノビアシ	ヌ
抜き足差あし忍び足	ヌキアシサシアシシノビアシ	ヌ
ヌキアシサシアシ忍足	ヌキアシサシアシシノビアシ	ヌ
抜きあし差あし忍あし	ヌキアシサシアシシノビアシ	ヌ
抜きあし差しあししのび足	ヌキアシサシアシシノビアシ	ヌ
抜あし差足忍あし	ヌキアシサシアシシノビアシ	ヌ
ぬきあし差し足忍びあし	ヌキアシサシアシシノビアシ	ヌ
ヌキアシ差アシ忍足	ヌキアシサシアシシノビアシ	ヌ
抜きあしさしあし忍足	ヌキアシサシアシシノビアシ	ヌ
抜きあし差し足忍び足	ヌキアシサシアシシノビアシ	ヌ
抜き足差しあし忍び足	ヌキアシサシアシシノビアシ	ヌ
抜足差あし忍あし	ヌキアシサシアシシノビアシ	ヌ
抜あし差しあししのび足	ヌキアシサシアシシノビアシ	ヌ
抜足差しあししのびあし	ヌキアシサシアシシノビアシ	ヌ
ぬきあし差し足しのびあし	ヌキアシサシアシシノビアシ	ヌ
抜あし差し足忍足	ヌキアシサシアシシノビアシ	ヌ
抜きあし差足忍足	ヌキアシサシアシシノビアシ	ヌ
抜あし差あし忍びあし	ヌキアシサシアシシノビアシ	ヌ
抜きあしさしあし忍び足	ヌキアシサシアシシノビアシ	ヌ
抜き足さし足しのび足	ヌキアシサシアシシノビアシ	ヌ
抜あし差足しのびあし	ヌキアシサシアシシノビアシ	ヌ
ぬきあし差しあししのびあし	ヌキアシサシアシシノビアシ	ヌ
抜アシ差アシ忍足	ヌキアシサシアシシノビアシ	ヌ
抜足さし足忍足	ヌキアシサシアシシノビアシ	ヌ
ぬきあし差しあし忍あし	ヌキアシサシアシシノビアシ	ヌ
抜足サシアシシノビアシ	ヌキアシサシアシシノビアシ	ヌ
ヌキ足サシアシ忍アシ	ヌキアシサシアシシノビアシ	ヌ
抜あしさしあし忍びあし	ヌキアシサシアシシノビアシ	ヌ
抜足差足忍び足	ヌキアシサシアシシノビアシ	ヌ
ヌキ足サシ足シノビ足	ヌキアシサシアシシノビアシ	ヌ
抜アシサシアシシノビ足	ヌキアシサシアシシノビアシ	ヌ
ぬきあし差あし忍び足	ヌキアシサシアシシノビアシ	ヌ
ぬき足さしあししのびあし	ヌキアシサシアシシノビアシ	ヌ
抜き足さしあし忍び足	ヌキアシサシアシシノビアシ	ヌ
ぬき足差あし忍びあし	ヌキアシサシアシシノビアシ	ヌ
ぬき足差し足しのび足	ヌキアシサシアシシノビアシ	ヌ
ぬき足さし足しのび足	ヌキアシサシアシシノビアシ	ヌ
ぬきあし差あし忍びあし	ヌキアシサシアシシノビアシ	ヌ
抜き足さしあし忍あし	ヌキアシサシアシシノビアシ	ヌ
ぬきあし差し足忍あし	ヌキアシサシアシシノビアシ	ヌ
ぬきあしさしあししのびあし	ヌキアシサシアシシノビアシ	ヌ
抜足差し足しのびあし	ヌキアシサシアシシノビアシ	ヌ
抜アシ差足忍アシ	ヌキアシサシアシシノビアシ	ヌ
抜あしさしあし忍び足	ヌキアシサシアシシノビアシ	ヌ
抜足差し足しのび足	ヌキアシサシアシシノビアシ	ヌ
抜アシサシアシシノビアシ	ヌキアシサシアシシノビアシ	ヌ
抜き足さし足しのびあし	ヌキアシサシアシシノビアシ	ヌ
ヌキアシサシ足シノビ足	ヌキアシサシアシシノビアシ	ヌ
ヌキアシ差アシシノビアシ	ヌキアシサシアシシノビアシ	ヌ
ぬき足さし足忍びあし	ヌキアシサシアシシノビアシ	ヌ
ヌキ足差足シノビ足	ヌキアシサシアシシノビアシ	ヌ
抜きあし差あししのびあし	ヌキアシサシアシシノビアシ	ヌ
ぬき足差足しのびあし	ヌキアシサシアシシノビアシ	ヌ
抜きあし差足忍びあし	ヌキアシサシアシシノビアシ	ヌ
ぬき足さしあし忍あし	ヌキアシサシアシシノビアシ	ヌ
抜足差足しのび足	ヌキアシサシアシシノビアシ	ヌ
ヌキ足サシアシ忍足	ヌキアシサシアシシノビアシ	ヌ
抜足差しあし忍足	ヌキアシサシアシシノビアシ	ヌ
ぬき足差足しのび足	ヌキアシサシアシシノビアシ	ヌ
抜き足さし足忍あし	ヌキアシサシアシシノビアシ	ヌ
抜き足さし足忍びあし	ヌキアシサシアシシノビアシ	ヌ
抜き足差あししのび足	ヌキアシサシアシシノビアシ	ヌ
抜足さしあし忍足	ヌキアシサシアシシノビアシ	ヌ
抜アシサシ足シノビアシ	ヌキアシサシアシシノビアシ	ヌ
ぬき足差あし忍あし	ヌキアシサシアシシノビアシ	ヌ
ぬきあし差足忍足	ヌキアシサシアシシノビアシ	ヌ
抜足さしあし忍びあし	ヌキアシサシアシシノビアシ	ヌ
ヌキ足サシ足忍足	ヌキアシサシアシシノビアシ	ヌ
抜きあし差足しのび足	ヌキアシサシアシシノビアシ	ヌ
ぬき足差しあし忍あし	ヌキアシサシアシシノビアシ	ヌ
抜あしさし足忍あし	ヌキアシサシアシシノビアシ	ヌ
抜きあし差足忍あし	ヌキアシサシアシシノビアシ	ヌ
抜足差あししのびあし	ヌキアシサシアシシノビアシ	ヌ
抜きあし差あし忍びあし	ヌキアシサシアシシノビアシ	ヌ
抜アシ差アシシノビ足	ヌキアシサシアシシノビアシ	ヌ
抜きあしさし足忍びあし	ヌキアシサシアシシノビアシ	ヌ
抜あしさし足しのびあし	ヌキアシサシアシシノビアシ	ヌ
抜あし差し足しのび足	ヌキアシサシアシシノビアシ	ヌ
ヌキ足差アシシノビ足	ヌキアシサシアシシノビアシ	ヌ
抜足サシ足シノビ足	ヌキアシサシアシシノビアシ	ヌ
抜きあし差あし忍び足	ヌキアシサシアシシノビアシ	ヌ
抜あし差足忍び足	ヌキアシサシアシシノビアシ	ヌ
抜足差しあし忍あし	ヌキアシサシアシシノビアシ	ヌ
抜足差足忍びあし	ヌキアシサシアシシノビアシ	ヌ
抜き足差あし忍あし	ヌキアシサシアシシノビアシ	ヌ
抜き足さしあし忍びあし	ヌキアシサシアシシノビアシ	ヌ
ぬき足差しあししのび足	ヌキアシサシアシシノビアシ	ヌ
ぬき足さしあし忍びあし	ヌキアシサシアシシノビアシ	ヌ
ヌキアシサシ足忍アシ	ヌキアシサシアシシノビアシ	ヌ
抜あし差しあし忍びあし	ヌキアシサシアシシノビアシ	ヌ
抜き足さし足忍足	ヌキアシサシアシシノビアシ	ヌ
抜あしさし足忍び足	ヌキアシサシアシシノビアシ	ヌ
抜足差し足忍あし	ヌキアシサシアシシノビアシ	ヌ
抜アシサシ足忍アシ	ヌキアシサシアシシノビアシ	ヌ
抜き足差足しのびあし	ヌキアシサシアシシノビアシ	ヌ
抜きあし差しあし忍足	ヌキアシサシアシシノビアシ	ヌ
抜あし差しあし忍あし	ヌキアシサシアシシノビアシ	ヌ
ぬき足さし足忍び足	ヌキアシサシアシシノビアシ	ヌ
抜きあし差足忍び足	ヌキアシサシアシシノビアシ	ヌ
ぬき足差しあししのびあし	ヌキアシサシアシシノビアシ	ヌ
ぬきあしさしあし忍びあし	ヌキアシサシアシシノビアシ	ヌ
抜アシ差足シノビ足	ヌキアシサシアシシノビアシ	ヌ
抜足さし足しのび足	ヌキアシサシアシシノビアシ	ヌ
抜足差足しのびあし	ヌキアシサシアシシノビアシ	ヌ
抜あし差し足しのびあし	ヌキアシサシアシシノビアシ	ヌ
抜きあし差しあし忍びあし	ヌキアシサシアシシノビアシ	ヌ
抜き足さしあししのび足	ヌキアシサシアシシノビアシ	ヌ
ヌキ足差足忍足	ヌキアシサシアシシノビアシ	ヌ
抜足サシ足忍アシ	ヌキアシサシアシシノビアシ	ヌ
ぬきあし差足しのび足	ヌキアシサシアシシノビアシ	ヌ
抜あし差あししのび足	ヌキアシサシアシシノビアシ	ヌ
ぬきあし差し足忍び足	ヌキアシサシアシシノビアシ	ヌ
ぬき足さしあし忍足	ヌキアシサシアシシノビアシ	ヌ
ぬきあし差足しのびあし	ヌキアシサシアシシノビアシ	ヌ
抜足さし足忍びあし	ヌキアシサシアシシノビアシ	ヌ
抜アシサシアシ忍アシ	ヌキアシサシアシシノビアシ	ヌ
抜き足さし足忍び足	ヌキアシサシアシシノビアシ	ヌ
ぬきあし差しあし忍足	ヌキアシサシアシシノビアシ	ヌ
ぬきあしさしあし忍足	ヌキアシサシアシシノビアシ	ヌ
抜足サシアシ忍足	ヌキアシサシアシシノビアシ	ヌ
抜足差足忍足	ヌキアシサシアシシノビアシ	ヌ
ぬき足さし足忍足	ヌキアシサシアシシノビアシ	ヌ
ぬき足差足忍び足	ヌキアシサシアシシノビアシ	ヌ
抜足差しあししのび足	ヌキアシサシアシシノビアシ	ヌ
抜足差し足忍び足	ヌキアシサシアシシノビアシ	ヌ
ぬき足差し足忍び足	ヌキアシサシアシシノビアシ	ヌ
ぬき足差し足しのびあし	ヌキアシサシアシシノビアシ	ヌ
ぬきあしさし足しのび足	ヌキアシサシアシシノビアシ	ヌ
抜き足差し足しのびあし	ヌキアシサシアシシノビアシ	ヌ
ぬきあしさしあししのび足	ヌキアシサシアシシノビアシ	ヌ
ぬきあし差あししのびあし	ヌキアシサシアシシノビアシ	ヌ
抜きあしさし足忍び足	ヌキアシサシアシシノビアシ	ヌ
抜き足差足忍びあし	ヌキアシサシアシシノビアシ	ヌ
抜あし差し足忍あし	ヌキアシサシアシシノビアシ	ヌ
抜アシ差アシシノビアシ	ヌキアシサシアシシノビアシ	ヌ
ヌキ足差アシ忍足	ヌキアシサシアシシノビアシ	ヌ
ヌキアシサシアシ忍アシ	ヌキアシサシアシシノビアシ	ヌ
抜あし差しあし忍び足	ヌキアシサシアシシノビアシ	ヌ
抜足さしあし忍あし	ヌキアシサシアシシノビアシ	ヌ
ヌキ足差アシ忍アシ	ヌキアシサシアシシノビアシ	ヌ
抜足さし足忍あし	ヌキアシサシアシシノビアシ	ヌ
抜あし差しあししのびあし	ヌキアシサシアシシノビアシ	ヌ
抜きあしさし足忍足	ヌキアシサシアシシノビアシ	ヌ
ぬきあし差しあししのび足	ヌキアシサシアシシノビアシ	ヌ
ぬきあし差し足忍足	ヌキアシサシアシシノビアシ	ヌ
抜あしさし足忍足	ヌキアシサシアシシノビアシ	ヌ
抜足差あし忍足	ヌキアシサシアシシノビアシ	ヌ
抜き足差し足しのび足	ヌキアシサシアシシノビアシ	ヌ
抜足サシ足忍足	ヌキアシサシアシシノビアシ	ヌ
ぬき足差しあし忍び足	ヌキアシサシアシシノビアシ	ヌ
抜あしさしあし忍あし	ヌキアシサシアシシノビアシ	ヌ
抜きあし差あし忍足	ヌキアシサシアシシノビアシ	ヌ
ぬきあしさし足忍び足	ヌキアシサシアシシノビアシ	ヌ
ヌキアシサシアシシノビアシ	ヌキアシサシアシシノビアシ	ヌ
ヌキ足差アシシノビアシ	ヌキアシサシアシシノビアシ	ヌ
抜きあし差しあししのびあし	ヌキアシサシアシシノビアシ	ヌ
抜足差し足忍足	ヌキアシサシアシシノビアシ	ヌ
抜あし差あし忍あし	ヌキアシサシアシシノビアシ	ヌ
抜あし差し足忍びあし	ヌキアシサシアシシノビアシ	ヌ
ぬき足さし足忍あし	ヌキアシサシアシシノビアシ	ヌ
抜足差しあし忍びあし	ヌキアシサシアシシノビアシ	ヌ
抜あしさし足忍びあし	ヌキアシサシアシシノビアシ	ヌ
ヌキアシ差足シノビアシ	ヌキアシサシアシシノビアシ	ヌ
抜き足差しあししのび足	ヌキアシサシアシシノビアシ	ヌ
抜あし差あし忍び足	ヌキアシサシアシシノビアシ	ヌ
抜あし差あししのびあし	ヌキアシサシアシシノビアシ	ヌ
ぬきあし差あし忍あし	ヌキアシサシアシシノビアシ	ヌ
ヌキアシ差足忍アシ	ヌキアシサシアシシノビアシ	ヌ
ぬきあしさし足忍びあし	ヌキアシサシアシシノビアシ	ヌ
ヌキアシ差シ足シノビアシ	ヌキアシサシアシシノビアシ	ヌ
抜あし差足忍びあし	ヌキアシサシアシシノビアシ	ヌ
抜足サシアシシノビ足	ヌキアシサシアシシノビアシ	ヌ
抜あし差しあし忍足	ヌキアシサシアシシノビアシ	ヌ
ぬきあしさし足しのびあし	ヌキアシサシアシシノビアシ	ヌ
ぬき足さしあし忍び足	ヌキアシサシアシシノビアシ	ヌ
抜き足差足忍び足	ヌキアシサシアシシノビアシ	ヌ
抜きあしさしあし忍びあし	ヌキアシサシアシシノビアシ	ヌ
抜きあし差し足しのびあし	ヌキアシサシアシシノビアシ	ヌ
抜あし差足忍足	ヌキアシサシアシシノビアシ	ヌ
抜足差あし忍びあし	ヌキアシサシアシシノビアシ	ヌ
抜きあし差し足忍びあし	ヌキアシサシアシシノビアシ	ヌ
抜き足差しあし忍びあし	ヌキアシサシアシシノビアシ	ヌ
抜きあし差し足忍足	ヌキアシサシアシシノビアシ	ヌ
抜アシサシアシ忍足	ヌキアシサシアシシノビアシ	ヌ
抜き足差あししのびあし	ヌキアシサシアシシノビアシ	ヌ
抜き足差しあし忍足	ヌキアシサシアシシノビアシ	ヌ
抜足サシ足シノビアシ	ヌキアシサシアシシノビアシ	ヌ
ぬき足差あししのびあし	ヌキアシサシアシシノビアシ	ヌ
抜きあし差しあし忍あし	ヌキアシサシアシシノビアシ	ヌ
抜アシサシ足シノビ足	ヌキアシサシアシシノビアシ	ヌ
ヌキ足サシアシシノビ足	ヌキアシサシアシシノビアシ	ヌ
抜足差し足忍びあし	ヌキアシサシアシシノビアシ	ヌ
ぬきあしさし足忍足	ヌキアシサシアシシノビアシ	ヌ
ぬき足さし足しのびあし	ヌキアシサシアシシノビアシ	ヌ
ぬきあし差足忍びあし	ヌキアシサシアシシノビアシ	ヌ
ぬきあし差しあし忍び足	ヌキアシサシアシシノビアシ	ヌ
抜足差足シノビアシ	ヌキアシサシアシシノビアシ	ヌ
ぬき足差あし忍足	ヌキアシサシアシシノビアシ	ヌ
抜アシ差アシ忍アシ	ヌキアシサシアシシノビアシ	ヌ
抜きあしさし足しのびあし	ヌキアシサシアシシノビアシ	ヌ
ぬきあし差し足しのび足	ヌキアシサシアシシノビアシ	ヌ
抜きあしさしあし忍あし	ヌキアシサシアシシノビアシ	ヌ
抜足差アシシノビアシ	ヌキアシサシアシシノビアシ	ヌ
ぬきあし差足忍あし	ヌキアシサシアシシノビアシ	ヌ
抜足さしあししのびあし	ヌキアシサシアシシノビアシ	ヌ
ぬきあし差しあし忍びあし	ヌキアシサシアシシノビアシ	ヌ
ぬき足差し足忍足	ヌキアシサシアシシノビアシ	ヌ
ぬきあしさしあし忍あし	ヌキアシサシアシシノビアシ	ヌ
抜足サシアシ忍アシ	ヌキアシサシアシシノビアシ	ヌ
抜きあしさしあししのび足	ヌキアシサシアシシノビアシ	ヌ
ヌキ足差足シノビアシ	ヌキアシサシアシシノビアシ	ヌ
ヌキ足サシアシシノビアシ	ヌキアシサシアシシノビアシ	ヌ
抜き足差足忍足	ヌキアシサシアシシノビアシ	ヌ
抜きあしさし足しのび足	ヌキアシサシアシシノビアシ	ヌ
抜きあし差あししのび足	ヌキアシサシアシシノビアシ	ヌ
抜あしさしあししのび足	ヌキアシサシアシシノビアシ	ヌ
抜きあし差しあし忍び足	ヌキアシサシアシシノビアシ	ヌ
抜足差アシ忍アシ	ヌキアシサシアシシノビアシ	ヌ
抜アシ差足シノビアシ	ヌキアシサシアシシノビアシ	ヌ
ヌキアシサシ足忍足	ヌキアシサシアシシノビアシ	ヌ
抜足さし足しのびあし	ヌキアシサシアシシノビアシ	ヌ
ぬきあし差あししのび足	ヌキアシサシアシシノビアシ	ヌ
ヌキアシ差足忍足	ヌキアシサシアシシノビアシ	ヌ
ぬき足差しあし忍足	ヌキアシサシアシシノビアシ	ヌ
抜きあし差足しのびあし	ヌキアシサシアシシノビアシ	ヌ
抜あし差足しのび足	ヌキアシサシアシシノビアシ	ヌ
抜き足差しあししのびあし	ヌキアシサシアシシノビアシ	ヌ
ヌキアシサシアシシノビ足	ヌキアシサシアシシノビアシ	ヌ
ぬきあし差あし忍足	ヌキアシサシアシシノビアシ	ヌ
ぬき足差足忍あし	ヌキアシサシアシシノビアシ	ヌ
ヌキ足サシ足忍アシ	ヌキアシサシアシシノビアシ	ヌ
抜き足差し足忍あし	ヌキアシサシアシシノビアシ	ヌ
ヌキアシ差アシシノビ足	ヌキアシサシアシシノビアシ	ヌ
抜き足差し足忍足	ヌキアシサシアシシノビアシ	ヌ
ぬきあし差足忍び足	ヌキアシサシアシシノビアシ	ヌ
ぬき足差し足忍あし	ヌキアシサシアシシノビアシ	ヌ
ヌキアシ差足シノビ足	ヌキアシサシアシシノビアシ	ヌ
抜足差足忍アシ	ヌキアシサシアシシノビアシ	ヌ
抜き足差足しのび足	ヌキアシサシアシシノビアシ	ヌ
抜足差しあし忍び足	ヌキアシサシアシシノビアシ	ヌ
抜アシサシ足忍足	ヌキアシサシアシシノビアシ	ヌ
抜きあし差し足忍あし	ヌキアシサシアシシノビアシ	ヌ
抜足差あししのび足	ヌキアシサシアシシノビアシ	ヌ
ぬき足さしあししのび足	ヌキアシサシアシシノビアシ	ヌ
ヌキアシサシ足シノビアシ	ヌキアシサシアシシノビアシ	ヌ
ぬきあしさしあし忍び足	ヌキアシサシアシシノビアシ	ヌ
抜きあし差し足しのび足	ヌキアシサシアシシノビアシ	ヌ
抜きあしさしあししのびあし	ヌキアシサシアシシノビアシ	ヌ
ぬき足差足忍びあし	ヌキアシサシアシシノビアシ	ヌ
抜足差足忍あし	ヌキアシサシアシシノビアシ	ヌ
抜きあしさし足忍あし	ヌキアシサシアシシノビアシ	ヌ
ぬき足差あし忍び足	ヌキアシサシアシシノビアシ	ヌ
抜き足差足忍あし	ヌキアシサシアシシノビアシ	ヌ
ぬき足差あししのび足	ヌキアシサシアシシノビアシ	ヌ
ヌキ足差足忍アシ	ヌキアシサシアシシノビアシ	ヌ
抜足さし足忍び足	ヌキアシサシアシシノビアシ	ヌ
抜あしさしあし忍足	ヌキアシサシアシシノビアシ	ヌ
ヌキアシ差シアシシノビアシ	ヌキアシサシアシシノビアシ	ヌ
ヌキアシ差アシ忍アシ	ヌキアシサシアシシノビアシ	ヌ
抜き足さしあし忍足	ヌキアシサシアシシノビアシ	ヌ
ぬきあしさし足忍あし	ヌキアシサシアシシノビアシ	ヌ
抜き足差しあし忍あし	ヌキアシサシアシシノビアシ	ヌ
抜足さしあししのび足	ヌキアシサシアシシノビアシ	ヌ
ヌキ足サシ足シノビアシ	ヌキアシサシアシシノビアシ	ヌ
抜あし差あし忍足	ヌキアシサシアシシノビアシ	ヌ
抜足差アシ忍足	ヌキアシサシアシシノビアシ	ヌ
抜き足差あし忍びあし	ヌキアシサシアシシノビアシ	ヌ
抜き足差し足忍びあし	ヌキアシサシアシシノビアシ	ヌ
抜あしさしあししのびあし	ヌキアシサシアシシノビアシ	ヌ
抜足さしあし忍び足	ヌキアシサシアシシノビアシ	ヌ
抜あしさし足しのび足	ヌキアシサシアシシノビアシ	ヌ
抜足差足シノビ足	ヌキアシサシアシシノビアシ	ヌ
抜足差アシシノビ足	ヌキアシサシアシシノビアシ	ヌ
抜足差あし忍び足	ヌキアシサシアシシノビアシ	ヌ
ぬき足差し足忍びあし	ヌキアシサシアシシノビアシ	ヌ
抜あし差し足忍び足	ヌキアシサシアシシノビアシ	ヌ
抜き足差し足忍び足	ヌキアシサシアシシノビアシ	ヌ
ぬき足差しあし忍びあし	ヌキアシサシアシシノビアシ	ヌ
抜き足さしあししのびあし	ヌキアシサシアシシノビアシ	ヌ
抜居	ヌキイ	ヌ
抜井	ヌキイ	ヌ
抜き糸	ヌキイト	ヌ
抜いと	ヌキイト	ヌ
緯イト	ヌキイト	ヌ
抜キ糸	ヌキイト	ヌ
抜きいと	ヌキイト	ヌ
緯いと	ヌキイト	ヌ
抜イト	ヌキイト	ヌ
緯糸	ヌキイト	ヌ
抜キイト	ヌキイト	ヌ
貫井正之	ヌキイマサユキ	ヌ
ヌキ打	ヌキウチ	ヌ
抜き打ち	ヌキウチ	ヌ
抜キウチ	ヌキウチ	ヌ
抜きうち	ヌキウチ	ヌ
抜き打	ヌキウチ	ヌ
抜うち	ヌキウチ	ヌ
ぬき打	ヌキウチ	ヌ
ヌキ打チ	ヌキウチ	ヌ
抜打チ	ヌキウチ	ヌ
抜キ打チ	ヌキウチ	ヌ
抜打ち	ヌキウチ	ヌ
抜打	ヌキウチ	ヌ
ぬき打ち	ヌキウチ	ヌ
抜キ打	ヌキウチ	ヌ
抜ウチ	ヌキウチ	ヌ
抜き打ち解散	ヌキウチカイサン	ヌ
抜打座談会事件	ヌキウチザダンカイジケン	ヌ
抜き打ちテスト	ヌキウチテスト	ヌ
抜き打ちテストのパラドックス	ヌキウチテストノパラドックス	ヌ
抜き射ちの竜拳銃の歌	ヌキウチノリュウケンジュウノウタ	ヌ
抜き打ちロック	ヌキウチロック	ヌ
貫江	ヌキエ	ヌ
抜衣紋	ヌキエモン	ヌ
ぬきえもん	ヌキエモン	ヌ
ヌキエモン	ヌキエモン	ヌ
抜襟	ヌキエリ	ヌ
抜衿	ヌキエリ	ヌ
貫尾	ヌキオ	ヌ
抜カエ	ヌキカエ	ヌ
抜替	ヌキカエ	ヌ
ぬきかえ	ヌキカエ	ヌ
抜替え	ヌキカエ	ヌ
ヌキカエ	ヌキカエ	ヌ
抜キカエ	ヌキカエ	ヌ
抜きかえ	ヌキカエ	ヌ
ヌキ替エ	ヌキカエ	ヌ
ぬき替	ヌキカエ	ヌ
抜かえ	ヌキカエ	ヌ
ぬき替え	ヌキカエ	ヌ
ヌキ替	ヌキカエ	ヌ
抜き替	ヌキカエ	ヌ
抜キ替	ヌキカエ	ヌ
抜キ替エ	ヌキカエ	ヌ
抜替エ	ヌキカエ	ヌ
ぬきがき	ヌキガキ	ヌ
ヌキガキ	ヌキガキ	ヌ
抜書	ヌキガキ	ヌ
貫川	ヌキガワ	ヌ
抜木	ヌキギ	ヌ
抜口	ヌキグチ	ヌ
抜きゲ	ヌキゲ	ヌ
貫源左衛門	ヌキゲンザエモン	ヌ
貫前神社	ヌキサキジンジャ	ヌ
拔迫	ヌキサコ	ヌ
抜迫	ヌキサコ	ヌ
抜サシ	ヌキサシ	ヌ
抜キサシ	ヌキサシ	ヌ
抜キ差	ヌキサシ	ヌ
ヌキ差	ヌキサシ	ヌ
ぬき差し	ヌキサシ	ヌ
抜きさし	ヌキサシ	ヌ
抜き差し	ヌキサシ	ヌ
抜差	ヌキサシ	ヌ
ヌキ差シ	ヌキサシ	ヌ
抜き差	ヌキサシ	ヌ
抜差し	ヌキサシ	ヌ
抜キ差シ	ヌキサシ	ヌ
ぬき差	ヌキサシ	ヌ
抜さし	ヌキサシ	ヌ
抜差シ	ヌキサシ	ヌ
抜き差しならぬ	ヌキサシナラヌ	ヌ
貫貞利	ヌキサダトシ	ヌ
貫山	ヌキサン	ヌ
ヌキサン	ヌキサン	ヌ
ヌキ山	ヌキサン	ヌ
貫サン	ヌキサン	ヌ
ぬき山	ヌキサン	ヌ
抜崎	ヌキザキ	ヌ
貫沢	ヌキザワ	ヌ
貫塩	ヌキシオ	ヌ
貫成人	ヌキシゲト	ヌ
貫新左衛門	ヌキシンザエモン	ヌ
貫助次郎	ヌキスケジロウ	ヌ
貫助八	ヌキスケハチ	ヌ
抜き刷り	ヌキズリ	ヌ
抜刷	ヌキズリ	ヌ
貫園	ヌキゾノ	ヌ
貫薗	ヌキゾノ	ヌ
ヌキゾメ	ヌキゾメ	ヌ
ぬきぞめ	ヌキゾメ	ヌ
拔田	ヌキタ	ヌ
貫田	ヌキタ	ヌ
抜田	ヌキタ	ヌ
貫達人	ヌキタツト	ヌ
抜谷	ヌキタニ	ヌ
貫田宗男	ヌキタムネオ	ヌ
抜キテ	ヌキテ	ヌ
ヌキ手	ヌキテ	ヌ
抜きて	ヌキテ	ヌ
抜て	ヌキテ	ヌ
抜き手	ヌキテ	ヌ
抜テ	ヌキテ	ヌ
貫手	ヌキテ	ヌ
抜手	ヌキテ	ヌ
ぬき手	ヌキテ	ヌ
抜キ手	ヌキテ	ヌ
ぬきてるみ	ヌキテルミ	ヌ
ヌキ天	ヌキテン	ヌ
ぬきとり	ヌキトリ	ヌ
抜きとり	ヌキトリ	ヌ
ヌキトリ	ヌキトリ	ヌ
抜取	ヌキトリ	ヌ
抜取り	ヌキトリ	ヌ
抜き取	ヌキトリ	ヌ
ヌキ取リ	ヌキトリ	ヌ
ヌキ取	ヌキトリ	ヌ
抜とり	ヌキトリ	ヌ
抜キ取	ヌキトリ	ヌ
抜取リ	ヌキトリ	ヌ
ぬき取り	ヌキトリ	ヌ
抜き取り	ヌキトリ	ヌ
抜キ取リ	ヌキトリ	ヌ
ぬき取	ヌキトリ	ヌ
抜トリ	ヌキトリ	ヌ
抜キトリ	ヌキトリ	ヌ
抜き取り検査	ヌキトリケンサ	ヌ
抽那	ヌキナ	ヌ
貫奈	ヌキナ	ヌ
秡銘	ヌキナ	ヌ
貫永	ヌキナガ	ヌ
貫名航世	ヌキナコウセイ	ヌ
貫名駿一	ヌキナシュンイチ	ヌ
貫名菘翁	ヌキナスウオウ	ヌ
貫名信行	ヌキナノブユキ	ヌ
貫原	ヌキハル	ヌ
貫場	ヌキバ	ヌ
貫場貴之	ヌキバタカユキ	ヌ
貫気別	ヌキベツ	ヌ
ヌキベツ川	ヌキベツガワ	ヌ
貫気別ガワ	ヌキベツガワ	ヌ
ぬきべつ川	ヌキベツガワ	ヌ
ヌキベツガワ	ヌキベツガワ	ヌ
貫気別川	ヌキベツガワ	ヌ
ぬきべつ山	ヌキベツヤマ	ヌ
ぬきべつやま	ヌキベツヤマ	ヌ
貫気別やま	ヌキベツヤマ	ヌ
貫気別山	ヌキベツヤマ	ヌ
ヌキベツヤマ	ヌキベツヤマ	ヌ
貫気別ヤマ	ヌキベツヤマ	ヌ
ヌキベツ山	ヌキベツヤマ	ヌ
秡間	ヌキマ	ヌ
貫間	ヌキマ	ヌ
貫正義	ヌキマサヨシ	ヌ
抜身	ヌキミ	ヌ
ヌキミ	ヌキミ	ヌ
ぬきみ	ヌキミ	ヌ
抜水	ヌキミズ	ヌ
抜元	ヌキモト	ヌ
抜屋	ヌキヤ	ヌ
抜山	ヌキヤマ	ヌ
拔山	ヌキヤマ	ヌ
抜山映子	ヌキヤマエイコ	ヌ
ぬきやまがいせい	ヌキヤマガイセイ	ヌ
拔山蓋世	ヌキヤマガイセイ	ヌ
拔山敏弘	ヌキヤマトシヒロ	ヌ
抜山平一	ヌキヤマヘイイチ	ヌ
貫弥生が丘	ヌキヤヨイガオカ	ヌ
貫与	ヌキヨ	ヌ
貫吉真	ヌキヨシザネ	ヌ
ヌキヨミ	ヌキヨミ	ヌ
ぬきよみ	ヌキヨミ	ヌ
抜読み	ヌキヨミ	ヌ
抜読	ヌキヨミ	ヌ
抜読ミ	ヌキヨミ	ヌ
貫輪	ヌキワ	ヌ
貫和	ヌキワ	ヌ
貫輪久美子	ヌキワクミコ	ヌ
ぬぎき	ヌギキ	ヌ
ぬぎ茶	ヌギチャ	ヌ
椚山幹夫	ヌギヤマミキオ	ヌ
ヌクアロファ	ヌクアロファ	ヌ
抽井	ヌクイ	ヌ
暖井	ヌクイ	ヌ
温井	ヌクイ	ヌ
貫井	ヌクイ	ヌ
拔井	ヌクイ	ヌ
温井景隆	ヌクイカゲタカ	ヌ
貫井一美	ヌクイカズミ	ヌ
貫井丞治	ヌクイカンジ	ヌ
ヌクイガワ	ヌクイガワ	ヌ
温井川	ヌクイガワ	ヌ
抜井川	ヌクイガワ	ヌ
貫井川	ヌクイガワ	ヌ
貫井北	ヌクイキタ	ヌ
貫井北町	ヌクイキタマチ	ヌ
貫井響	ヌクイキョウ	ヌ
貫井清憲	ヌクイキヨノリ	ヌ
温井氏	ヌクイシ	ヌ
明日氏	ヌクイシ	ヌ
温井伸	ヌクイシン	ヌ
貫井神社	ヌクイジンジャ	ヌ
温井谷川	ヌクイダニガワ	ヌ
温井ダム	ヌクイダム	ヌ
貫井町	ヌクイチョウ	ヌ
温井続宗	ヌクイツグムネ	ヌ
温出	ヌクイデ	ヌ
貫井徳郎	ヌクイトクロウ	ヌ
温井駿斗	ヌクイハヤト	ヌ
温井常陸介	ヌクイヒタチノスケ	ヌ
温井総貞	ヌクイフササダ	ヌ
温井町	ヌクイマチ	ヌ
貫井まなぶ	ヌクイマナブ	ヌ
温井摩耶	ヌクイマヤ	ヌ
貫井南	ヌクイミナミ	ヌ
貫井南町	ヌクイミナミチョウ	ヌ
貫井勇志	ヌクイユウジ	ヌ
貫井柚佳	ヌクイユカ	ヌ
貫井りらん	ヌクイリラン	ヌ
ヌクオロ語	ヌクオロゴ	ヌ
ヌクシアコンゲスタ	ヌクシアコンゲスタ	ヌ
ヌクシア・コンゲスタ	ヌクシアコンゲスタ	ヌ
温品	ヌクシナ	ヌ
温品氏	ヌクシナシ	ヌ
温品ジャンクション	ヌクシナジャンクション	ヌ
温品町	ヌクシナチョウ	ヌ
温品出入口	ヌクシナデイリグチ	ヌ
温品バイパス	ヌクシナバイパス	ヌ
温品廉三	ヌクシナレンゾウ	ヌ
ヌクス	ヌクス	ヌ
貫津川	ヌクズガワ	ヌ
抜月川	ヌクズキガワ	ヌ
温田駅	ヌクタエキ	ヌ
炎谷	ヌクタニ	ヌ
温谷	ヌクタニ	ヌ
ぬくだまりの宿みちのく亭	ヌクダマリノヤドミチノクテイ	ヌ
ヌクチャム	ヌクチャム	ヌ
抜月	ヌクツキ	ヌ
貫津	ヌクヅ	ヌ
奴久妻	ヌクヅマ	ヌ
貫渡	ヌクト	ヌ
抽冬	ヌクトウ	ヌ
拙冬	ヌクトウ	ヌ
貫戸	ヌクド	ヌ
ヌクヌク	ヌクヌク	ヌ
ヌクヌクオレンジ	ヌクヌクオレンジ	ヌ
温々ぬぬ	ヌクヌクヌヌ	ヌ
ヌクノノ島	ヌクノノトウ	ヌ
ヌクバイ	ヌクバイ	ヌ
温灰	ヌクバイ	ヌ
ぬくばい	ヌクバイ	ヌ
暖日山	ヌクヒヤマ	ヌ
ヌクヒヤマ	ヌクヒヤマ	ヌ
ぬくひやま	ヌクヒヤマ	ヌ
ヌクフェタウ環礁	ヌクフェタウカンショウ	ヌ
ヌクマム	ヌクマム	ヌ
温見	ヌクミ	ヌ
貫水	ヌクミ	ヌ
温ミ	ヌクミ	ヌ
貫瑞	ヌクミ	ヌ
温み	ヌクミ	ヌ
貫未	ヌクミ	ヌ
貫見	ヌクミ	ヌ
奴久見	ヌクミ	ヌ
生見駅	ヌクミエキ	ヌ
温水三郎	ヌクミサブロウ	ヌ
ヌクミザコトウゲ	ヌクミザコトウゲ	ヌ
温迫峠	ヌクミザコトウゲ	ヌ
ぬくみざことうげ	ヌクミザコトウゲ	ヌ
温水洋一	ヌクミズヨウイチ	ヌ
ぬくみとうげ	ヌクミトウゲ	ヌ
ヌク見トウゲ	ヌクミトウゲ	ヌ
ぬく見峠	ヌクミトウゲ	ヌ
温みとうげ	ヌクミトウゲ	ヌ
ヌク見峠	ヌクミトウゲ	ヌ
ぬくみ峠	ヌクミトウゲ	ヌ
ぬく見とうげ	ヌクミトウゲ	ヌ
温ミトウゲ	ヌクミトウゲ	ヌ
温見峠	ヌクミトウゲ	ヌ
温見トウゲ	ヌクミトウゲ	ヌ
温ミ峠	ヌクミトウゲ	ヌ
温見とうげ	ヌクミトウゲ	ヌ
ヌクミ峠	ヌクミトウゲ	ヌ
ヌクミトウゲ	ヌクミトウゲ	ヌ
温み峠	ヌクミトウゲ	ヌ
生見愛瑠	ヌクミメル	ヌ
貫見郵便局	ヌクミユウビンキョク	ヌ
生見友希雄	ヌクミユキオ	ヌ
ヌクミリエ	ヌクミリエ	ヌ
ヌクメン	ヌクメン	ヌ
温モリ	ヌクモリ	ヌ
ぬくもり	ヌクモリ	ヌ
温もり	ヌクモリ	ヌ
温盛	ヌクモリ	ヌ
温森	ヌクモリ	ヌ
ぬくもり会	ヌクモリカイ	ヌ
ヌクモリティ	ヌクモリティ	ヌ
ぬく森の郷	ヌクモリノサト	ヌ
ぬくもりを求める雪女ロッカ	ヌクモリヲモトメルユキオンナロッカ	ヌ
抜湯	ヌクユ	ヌ
抜湯川	ヌクユガワ	ヌ
温湯城	ヌクユジョウ	ヌ
ヌクラエラエ環礁	ヌクラエラエカンショウ	ヌ
抜里	ヌクリ	ヌ
抜里駅	ヌクリエキ	ヌ
ヌクリ・レヴィシュヴィリ	ヌクリレヴィシュヴィリ	ヌ
ヌクリレヴィシュヴィリ	ヌクリレヴィシュヴィリ	ヌ
ヌクレオカプシド	ヌクレオカプシド	ヌ
ヌクレオシド	ヌクレオシド	ヌ
ヌクレオチド	ヌクレオチド	ヌ
ヌクレオポリン	ヌクレオポリン	ヌ
ヌクレオモルフ	ヌクレオモルフ	ヌ
拭石	ヌグイシ	ヌ
ヌグウェニャ	ヌグウェニャ	ヌ
ヌグザリ・タタラシビリ	ヌグザリタタラシビリ	ヌ
ヌグザリタタラシビリ	ヌグザリタタラシビリ	ヌ
ヌグザルシャタイゼ	ヌグザルシャタイゼ	ヌ
ヌグザル・シャタイゼ	ヌグザルシャタイゼ	ヌ
ヌグリ・スンビラン州	ヌグリスンビランシュウ	ヌ
ヌグリスンビラン州	ヌグリスンビランシュウ	ヌ
ヌグロホ	ヌグロホ	ヌ
抜ケ穴	ヌケアナ	ヌ
ヌケ穴	ヌケアナ	ヌ
抜穴	ヌケアナ	ヌ
抜あな	ヌケアナ	ヌ
抜ケアナ	ヌケアナ	ヌ
抜け穴	ヌケアナ	ヌ
抜アナ	ヌケアナ	ヌ
ぬけ穴	ヌケアナ	ヌ
抜けあな	ヌケアナ	ヌ
抜ケ裏	ヌケウラ	ヌ
抜けうら	ヌケウラ	ヌ
ヌケ裏	ヌケウラ	ヌ
抜裏	ヌケウラ	ヌ
ヌケウラ	ヌケウラ	ヌ
ぬけうら	ヌケウラ	ヌ
抜ケウラ	ヌケウラ	ヌ
抜うら	ヌケウラ	ヌ
抜け裏	ヌケウラ	ヌ
抜ウラ	ヌケウラ	ヌ
ぬけ裏	ヌケウラ	ヌ
抜けがけ	ヌケガケ	ヌ
抜駆ケ	ヌケガケ	ヌ
抜ケガケ	ヌケガケ	ヌ
抜駆け	ヌケガケ	ヌ
抜駆	ヌケガケ	ヌ
ヌケ殻	ヌケガラ	ヌ
脱殻	ヌケガラ	ヌ
ぬけ殻	ヌケガラ	ヌ
抜け殻	ヌケガラ	ヌ
抜殻	ヌケガラ	ヌ
ぬけがらへい	ヌケガラヘイ	ヌ
抜川	ヌケガワ	ヌ
抜毛	ヌケゲ	ヌ
抜け毛	ヌケゲ	ヌ
抜作	ヌケサク	ヌ
ぬけさく	ヌケサク	ヌ
ヌケサク	ヌケサク	ヌ
抜作先生	ヌケサクセンセイ	ヌ
ぬけさく千枚筆ならし	ヌケサクセンマイフデナラシ	ヌ
ヌケドダケ	ヌケドダケ	ヌ
抜戸岳	ヌケドダケ	ヌ
ぬけないくん	ヌケナイクン	ヌ
抜荷	ヌケニ	ヌ
ぬけに	ヌケニ	ヌ
抜け荷	ヌケニ	ヌ
ヌケニ	ヌケニ	ヌ
ヌケニン	ヌケニン	ヌ
ヌケヌケ	ヌケヌケ	ヌ
抜弁天	ヌケベンテン	ヌ
抜参り	ヌケマイリ	ヌ
抜参	ヌケマイリ	ヌ
抜参リ	ヌケマイリ	ヌ
ヌケマイリ	ヌケマイリ	ヌ
ぬけまいり	ヌケマイリ	ヌ
ぬけまいる	ヌケマイル	ヌ
ヌケ道	ヌケミチ	ヌ
抜け道	ヌケミチ	ヌ
ぬけ道	ヌケミチ	ヌ
抜みち	ヌケミチ	ヌ
抜けみち	ヌケミチ	ヌ
抜道	ヌケミチ	ヌ
抜ミチ	ヌケミチ	ヌ
抜ケミチ	ヌケミチ	ヌ
抜ケ道	ヌケミチ	ヌ
ヌケ目	ヌケメ	ヌ
抜ケ目	ヌケメ	ヌ
抜け目	ヌケメ	ヌ
ぬけ目	ヌケメ	ヌ
抜目	ヌケメ	ヌ
抜けめ	ヌケメ	ヌ
抜メ	ヌケメ	ヌ
抜め	ヌケメ	ヌ
抜ケメ	ヌケメ	ヌ
ヌケメバンド	ヌケメバンド	ヌ
Nukeme band	ヌケメバンド	ヌ
NUKEME BAND	ヌケメバンド	ヌ
nukeme band	ヌケメバンド	ヌ
怒江リス族自治州	ヌコウリスゾクジチシュウ	ヌ
ヌコシナチ・ジョイ	ヌコシナチジョイ	ヌ
ヌコシナチジョイ	ヌコシナチジョイ	ヌ
ぬこぬこ新撰組	ヌコヌコシンセングミ	ヌ
ぬこみみ団	ヌコミミダン	ヌ
ぬこ耳団	ヌコミミダン	ヌ
幣	ヌサ	ヌ
ヌサイル・マズラウィ	ヌサイルマズラウィ	ヌ
ヌサイルマズラウィ	ヌサイルマズラウィ	ヌ
ヌサオニグモ	ヌサオニグモ	ヌ
幣掛	ヌサカケ	ヌ
幣掛の滝	ヌサカケノタキ	ヌ
ヌサカン	ヌサカン	ヌ
幣田	ヌサダ	ヌ
幣塚古墳	ヌサヅカコフン	ヌ
ヌサトゥンガラ	ヌサトゥンガラ	ヌ
ヌサ・トゥンガラ	ヌサトゥンガラ	ヌ
ヌサドゥア	ヌサドゥア	ヌ
幣舞	ヌサマイ	ヌ
幣舞町	ヌサマイチョウ	ヌ
幣舞橋	ヌサマイバシ	ヌ
幣守	ヌサモリ	ヌ
ヌサルグモワサック	ヌサルグモワサック	ヌ
ヌサルグ＝モワサック	ヌサルグモワサック	ヌ
ヌサンタラ	ヌサンタラ	ヌ
楼上洞	ヌサンドウ	ヌ
ヌ師	ヌシ	ヌ
塗師	ヌシ	ヌ
ぬ師	ヌシ	ヌ
ヌシ	ヌシ	ヌ
塗師井	ヌシイ	ヌ
主江	ヌシエ	ヌ
主枝	ヌシエダ	ヌ
塗師尾	ヌシオ	ヌ
塗師岡	ヌシオカ	ヌ
ぬしがえ	ヌシガエ	ヌ
ヌシガエ	ヌシガエ	ヌ
主替	ヌシガエ	ヌ
主ガエ	ヌシガエ	ヌ
主がえ	ヌシガエ	ヌ
ヌシ替	ヌシガエ	ヌ
ぬし替	ヌシガエ	ヌ
ぬし替え	ヌシガエ	ヌ
ヌシキ	ヌシキ	ヌ
塗師木	ヌシキ	ヌ
ぬしさま	ヌシサマ	ヌ
塗師祥一郎	ヌシショウイチロウ	ヌ
主島	ヌシジマ	ヌ
ぬしじまやわ肉	ヌシジマヤワニク	ヌ
塗師谷	ヌシタニ	ヌ
主田	ヌシダ	ヌ
塗師田	ヌシダ	ヌ
ぬし釣り64	ヌシヅリロクヨン	ヌ
ヌシヅリロクヨン	ヌシヅリロクヨン	ヌ
ヌシネルセン	ヌシネルセン	ヌ
主ノ丸川	ヌシノマルガワ	ヌ
ぬしポケモン	ヌシポケモン	ヌ
沼島	ヌシマ	ヌ
沼島汽船株式会社	ヌシマキセンカブシキガイシャ	ヌ
塗師町	ヌシマチ	ヌ
沼島村	ヌシマムラ	ヌ
主御門	ヌシミカド	ヌ
塗師村	ヌシムラ	ヌ
塗茂	ヌシモ	ヌ
塗師本	ヌシモト	ヌ
ヌシャテル	ヌシャテル	ヌ
ヌシャボンヌ	ヌシャボンヌ	ヌ
ヌ・シャボンヌ	ヌシャボンヌ	ヌ
塗師屋	ヌシヤ	ヌ
塗師屋町	ヌシヤチョウ	ヌ
主山	ヌシヤマ	ヌ
ぬじま	ヌジマ	ヌ
nujabes	ヌジャベス	ヌ
NUJABES	ヌジャベス	ヌ
ヌジャベス	ヌジャベス	ヌ
Nujabes	ヌジャベス	ヌ
ヌジリ国際空港	ヌジリコクサイクウコウ	ヌ
ヌスコ	ヌスコ	ヌ
ヌス・タリアン	ヌスタリアン	ヌ
ヌスタリアン	ヌスタリアン	ヌ
盗人	ヌスット	ヌ
盗っ人	ヌスット	ヌ
ぬすっとウサギ	ヌスットウサギ	ヌ
盗人狩	ヌスットガリ	ヌ
盗人講座	ヌスットコウザ	ヌ
盗人根性	ヌスットコンジョウ	ヌ
盗人猛々しい	ヌスットタケダケシイ	ヌ
盗人文化	ヌスットブンカ	ヌ
ヌストグサ	ヌストグサ	ヌ
盗人草	ヌストグサ	ヌ
盗島	ヌストジマ	ヌ
ヌスドバナ	ヌスドバナ	ヌ
盗人花	ヌスドバナ	ヌ
ヌスバウム	ヌスバウム	ヌ
ぬすびと	ヌスビト	ヌ
ヌスビト	ヌスビト	ヌ
盗人上戸	ヌスビトジョウゴ	ヌ
ぬすびとだき	ヌスビトダキ	ヌ
盗人滝	ヌスビトダキ	ヌ
ヌスビトダキ	ヌスビトダキ	ヌ
盗人と知者の相は同じ	ヌスビトトチシャノソウハオナジ	ヌ
盗人に追い銭	ヌスビトニオイセン	ヌ
盗人に鍵を預ける	ヌスビトニカギヲアズケル	ヌ
盗人に糧	ヌスビトニカテ	ヌ
盗人に蔵の番	ヌスビトニクラノバン	ヌ
盗人には網を張れ	ヌスビトニハアミヲハレ	ヌ
盗人にも三分の理	ヌスビトニモサンブノリ	ヌ
盗人にも仁義あり	ヌスビトニモジンギアリ	ヌ
ヌスビトノアシ	ヌスビトノアシ	ヌ
盗人足	ヌスビトノアシ	ヌ
盗人の上米取る	ヌスビトノウワマイトル	ヌ
盗人の逆恨み	ヌスビトノサカウラミ	ヌ
盗人の袖控え	ヌスビトノソデヒカエ	ヌ
盗人の提灯持ち	ヌスビトノチョウチンモチ	ヌ
盗人の番には盗人を使え	ヌスビトノバンニハヌスビトヲツカエ	ヌ
盗人の昼寝	ヌスビトノヒルネ	ヌ
盗人の道も縄一筋	ヌスビトノミチモナワヒトスジ	ヌ
ヌスビトハギ	ヌスビトハギ	ヌ
盗人萩	ヌスビトハギ	ヌ
ぬすびと面	ヌスビトメン	ヌ
盗人も戸締り	ヌスビトモトジマリ	ヌ
盗人を捕らえて縄を綯う	ヌスビトヲトラエテナワヲナウ	ヌ
盗人を捕らえて見れば我が子なり	ヌスビトヲトラエテミレバワガコナリ	ヌ
盗人を見て縄を綯う	ヌスビトヲミテナワヲナウ	ヌ
盗まれた顔	ヌスマレタカオ	ヌ
盗まれた記憶の博物館	ヌスマレタキオクノハクブツカン	ヌ
盗まれた唇	ヌスマレタクチビル	ヌ
盗まれた世代	ヌスマレタセダイ	ヌ
盗まれた地球	ヌスマレタチキュウ	ヌ
盗まれた手紙	ヌスマレタテガミ	ヌ
ぬすまれた放課後	ヌスマレタホウカゴ	ヌ
盗まれた眼	ヌスマレタメ	ヌ
盗まれた欲情	ヌスマレタヨクジョウ	ヌ
盗まれた雷撃	ヌスマレタライゲキ	ヌ
盗み	ヌスミ	ヌ
ヌスミ	ヌスミ	ヌ
ぬすみ	ヌスミ	ヌ
盗み聞き	ヌスミギキ	ヌ
ぬすみぎき	ヌスミギキ	ヌ
盗み気と大工気の無い者はない	ヌスミギトダイクギノナイモノハナイ	ヌ
ぬすみぐい	ヌスミグイ	ヌ
盗み食い	ヌスミグイ	ヌ
ぬすみどり	ヌスミドリ	ヌ
盗み撮り	ヌスミドリ	ヌ
ぬすみ飲み	ヌスミノミ	ヌ
盗飲ミ	ヌスミノミ	ヌ
盗ミ飲ミ	ヌスミノミ	ヌ
盗飲み	ヌスミノミ	ヌ
ヌスミ飲ミ	ヌスミノミ	ヌ
ぬすみ飲	ヌスミノミ	ヌ
ヌスミノミ	ヌスミノミ	ヌ
盗み飲	ヌスミノミ	ヌ
盗みのみ	ヌスミノミ	ヌ
ぬすみのみ	ヌスミノミ	ヌ
ヌスミ飲	ヌスミノミ	ヌ
盗飲	ヌスミノミ	ヌ
盗ミノミ	ヌスミノミ	ヌ
盗のみ	ヌスミノミ	ヌ
盗ノミ	ヌスミノミ	ヌ
盗ミ飲	ヌスミノミ	ヌ
ヌスミミ	ヌスミミ	ヌ
盗ミ見	ヌスミミ	ヌ
ぬすみみ	ヌスミミ	ヌ
盗み見	ヌスミミ	ヌ
盗見	ヌスミミ	ヌ
ヌスミ見	ヌスミミ	ヌ
ぬすみ見	ヌスミミ	ヌ
盗ミ	ヌスミミ	ヌ
盗ミミ	ヌスミミ	ヌ
盗みみ	ヌスミミ	ヌ
ヌスミ読ミ	ヌスミヨミ	ヌ
ヌスミヨミ	ヌスミヨミ	ヌ
盗よみ	ヌスミヨミ	ヌ
盗読み	ヌスミヨミ	ヌ
盗ヨミ	ヌスミヨミ	ヌ
ぬすみ読	ヌスミヨミ	ヌ
ヌスミ読	ヌスミヨミ	ヌ
ぬすみ読み	ヌスミヨミ	ヌ
盗読ミ	ヌスミヨミ	ヌ
盗み読み	ヌスミヨミ	ヌ
盗ミ読ミ	ヌスミヨミ	ヌ
盗ミ読	ヌスミヨミ	ヌ
盗読	ヌスミヨミ	ヌ
盗みよみ	ヌスミヨミ	ヌ
盗み読	ヌスミヨミ	ヌ
ぬすみよみ	ヌスミヨミ	ヌ
盗ミヨミ	ヌスミヨミ	ヌ
ヌスラ戦線	ヌスラセンセン	ヌ
ヌスレットギョクチェ	ヌスレットギョクチェ	ヌ
ヌスレット・ギョクチェ	ヌスレットギョクチェ	ヌ
ヌスレットサンジャクリ	ヌスレットサンジャクリ	ヌ
ヌスレット・サンジャクリ	ヌスレットサンジャクリ	ヌ
ヌスロッホ	ヌスロッホ	ヌ
盗んだバイクで走り出す	ヌスンダバイクデハシリダス	ヌ
盗んでリリス	ヌスンデリリス	ヌ
盗んでリ・リ・ス	ヌスンデリリス	ヌ
ヌセルト数	ヌセルトスウ	ヌ
ヌセンセ	ヌセンセ	ヌ
ヌ・センセ	ヌセンセ	ヌ
垈	ヌタ	ヌ
ぬた	ヌタ	ヌ
ヌタ	ヌタ	ヌ
沼田	ヌタ	ヌ
怒田	ヌタ	ヌ
ヌタウナギ	ヌタウナギ	ヌ
沼田鰻	ヌタウナギ	ヌ
饅鰻	ヌタウナギ	ヌ
奴田川	ヌタガワ	ヌ
沼田川水系	ヌタガワ	ヌ
怒田沢	ヌタザワ	ヌ
縵沢	ヌタザワ	ヌ
怒田沢川	ヌタザワガワ	ヌ
怒田沢町	ヌタザワチョウ	ヌ
沼田下	ヌタシタ	ヌ
沼田神社	ヌタジンジャ	ヌ
沼田町	ヌタチョウ	ヌ
沼田西	ヌタニシ	ヌ
沼田西町	ヌタニシチョウ	ヌ
沼田西町小原	ヌタニシチョウオバラ	ヌ
沼田西町惣定	ヌタニシチョウソウジョウ	ヌ
沼田西町松江	ヌタニシチョウマツエ	ヌ
沼田国造	ヌタノクニノミヤツコ	ヌ
沼田原	ヌタノハラ	ヌ
奴田原	ヌタハラ	ヌ
奴田原睦明	ヌタハラノブアキ	ヌ
奴田原文雄	ヌタハラフミオ	ヌ
沼田東	ヌタヒガシ	ヌ
沼田東町	ヌタヒガシチョウ	ヌ
沼田東町片島	ヌタヒガシチョウカタシマ	ヌ
沼田東町釜山	ヌタヒガシチョウカマヤマ	ヌ
沼田東町七宝	ヌタヒガシチョウシッポウ	ヌ
沼田東町末広	ヌタヒガシチョウスエヒロ	ヌ
沼田東町末光	ヌタヒガシチョウスエミツ	ヌ
沼田東町納所	ヌタヒガシチョウノウソ	ヌ
沼田東町本市	ヌタヒガシチョウホンイチ	ヌ
沼田東町両名	ヌタヒガシチョウリョウミョウ	ヌ
ヌタベット	ヌタベット	ヌ
沼垂城	ヌタリジョウ	ヌ
沼垂郡	ヌタリノコオリ	ヌ
奴田	ヌダ	ヌ
ヌチ	ヌチ	ヌ
Nuchi	ヌチ	ヌ
nuchi	ヌチ	ヌ
ヌチェット	ヌチェット	ヌ
ヌチグスイ	ヌチグスイ	ヌ
nucca	ヌッカ	ヌ
ヌッカ	ヌッカ	ヌ
ヌッカクシ富良野川	ヌッカクシフラノガワ	ヌ
ヌッカクシフラノガワ	ヌッカクシフラノガワ	ヌ
ぬっきべつやま	ヌッキベツヤマ	ヌ
ヌック	ヌック	ヌ
ぬっく	ヌック	ヌ
ヌック・スカパン	ヌックスカパン	ヌ
ヌックスカパン	ヌックスカパン	ヌ
ぬっくん	ヌックン	ヌ
ぬっこ	ヌッコ	ヌ
ヌッコラ	ヌッコラ	ヌ
늑골라	ヌッコラ	ヌ
ぬっこる	ヌッコル	ヌ
沼垂	ヌッタリ	ヌ
ヌッタリ	ヌッタリ	ヌ
ぬったり	ヌッタリ	ヌ
沼垂駅	ヌッタリエキ	ヌ
沼垂テラス商店街	ヌッタリテラスショウテンガイ	ヌ
沼垂西	ヌッタリニシ	ヌ
沼垂東	ヌッタリヒガシ	ヌ
ぬっち	ヌッチ	ヌ
ヌッチ	ヌッチ	ヌ
ヌッチ川	ヌッチガワ	ヌ
ヌッチガワ	ヌッチガワ	ヌ
ぬっちゃけ	ヌッチャケ	ヌ
ヌッチョオルディネ	ヌッチョオルディネ	ヌ
ヌッチョ・オルディネ	ヌッチョオルディネ	ヌ
ヌットエネマルクイェンセン	ヌットエネマルクイェンセン	ヌ
ヌット・エネマルク・イェンセン	ヌットエネマルクイェンセン	ヌ
ヌットサラトムコム	ヌットサラトムコム	ヌ
ヌットサラ・トムコム	ヌットサラトムコム	ヌ
抜羽の沢川	ヌッパノサワガワ	ヌ
ヌップリカンベツガワ	ヌップリカンベツガワ	ヌ
ヌップリ寒別川	ヌップリカンベツガワ	ヌ
ぬっぺっぽう	ヌッペッポウ	ヌ
ぬっぺふほふ	ヌッペフホフ	ヌ
ヌッペラボウ	ヌッペラボウ	ヌ
ぬっぽん	ヌッポン	ヌ
ヌッリ	ヌッリ	ヌ
ヌツカクシ富良野川	ヌツカクシフラノガワ	ヌ
ヌツモヘレ	ヌツモヘレ	ヌ
ヌツ・モヘレ	ヌツモヘレ	ヌ
ヌテラ	ヌテラ	ヌ
ヌデ	ヌデ	ヌ
N.U.D.E.	ヌデ	ヌ
n.u.d.e.	ヌデ	ヌ
ぬで島	ヌデジマ	ヌ
ぬで島次郎	ヌデジマジロウ	ヌ
ぬで島町	ヌデジママチ	ヌ
鐸比古鐸比売神社	ヌデヒコヌデヒメジンジャ	ヌ
ヌデレバ	ヌデレバ	ヌ
ヌト	ヌト	ヌ
ヌナ	ヌナ	ヌ
nuna	ヌナ	ヌ
沼河比売	ヌナカワヒメ	ヌ
ヌナカワヒメ	ヌナカワヒメ	ヌ
奴奈加波比売命	ヌナカワヒメノミコト	ヌ
奴奈川村	ヌナカワムラ	ヌ
奴奈川神社	ヌナガワジンジャ	ヌ
渟名城入媛命	ヌナキイリビメノミコト	ヌ
沼名前神社	ヌナクマジンジャ	ヌ
ヌナタク	ヌナタク	ヌ
ヌナツィアブト	ヌナツィアブト	ヌ
布引の滝	ヌナビキノタキ	ヌ
ぬなびきのたき	ヌナビキノタキ	ヌ
ヌナビク	ヌナビク	ヌ
ヌナブト準州	ヌナブトジュンシュウ	ヌ
沼波	ヌナミ	ヌ
沼波瓊音	ヌナミケイオン	ヌ
沼波正	ヌナミタダシ	ヌ
沼波輝枝	ヌナミテルエ	ヌ
沼波万里子	ヌナミマリコ	ヌ
沼波弄山	ヌナミロウザン	ヌ
沼縄	ヌナワ	ヌ
蓴	ヌナワ	ヌ
茆	ヌナワ	ヌ
奴奈波	ヌナワ	ヌ
ヌナワ	ヌナワ	ヌ
ヌニェス	ヌニェス	ヌ
Nu nu！	ヌヌ	ヌ
nu nu!	ヌヌ	ヌ
ヌヌ	ヌヌ	ヌ
NU NU！	ヌヌ	ヌ
nu nu！	ヌヌ	ヌ
NU NU!	ヌヌ	ヌ
ヌヌザック	ヌヌザック	ヌ
ヌヌネネヌヌネノ	ヌヌネネヌヌネノ	ヌ
noeunoeuf	ヌヌフ	ヌ
Noeunoeuf	ヌヌフ	ヌ
ヌヌフ	ヌヌフ	ヌ
ヌヌルソン	ヌヌルソン	ヌ
Nounourson	ヌヌルソン	ヌ
nounourson	ヌヌルソン	ヌ
奴野	ヌノ	ヌ
ヌノアシス	ヌノアシス	ヌ
ヌノ・アシス	ヌノアシス	ヌ
布井	ヌノイ	ヌ
布居	ヌノイ	ヌ
布池能楽堂	ヌノイケノウガクドウ	ヌ
ヌノ市	ヌノイチ	ヌ
布イチ	ヌノイチ	ヌ
布市	ヌノイチ	ヌ
布一	ヌノイチ	ヌ
布いち	ヌノイチ	ヌ
ぬの市	ヌノイチ	ヌ
布市駅	ヌノイチエキ	ヌ
布市新	ヌノイチシン	ヌ
布市新町	ヌノイチシンマチ	ヌ
布市城	ヌノイチジョウ	ヌ
布市町	ヌノイチチョウ	ヌ
布市藩	ヌノイチハン	ヌ
布居寛幸	ヌノイヒロユキ	ヌ
布井良助	ヌノイリョウスケ	ヌ
ぬの岩やま	ヌノイワヤマ	ヌ
布イワ山	ヌノイワヤマ	ヌ
布岩やま	ヌノイワヤマ	ヌ
布岩山	ヌノイワヤマ	ヌ
ぬのいわ山	ヌノイワヤマ	ヌ
布いわ山	ヌノイワヤマ	ヌ
布いわやま	ヌノイワヤマ	ヌ
ぬの岩山	ヌノイワヤマ	ヌ
布岩ヤマ	ヌノイワヤマ	ヌ
ヌノイワ山	ヌノイワヤマ	ヌ
ぬのいわやま	ヌノイワヤマ	ヌ
布イワヤマ	ヌノイワヤマ	ヌ
ヌノ岩ヤマ	ヌノイワヤマ	ヌ
ヌノ岩山	ヌノイワヤマ	ヌ
ヌノイワヤマ	ヌノイワヤマ	ヌ
布上	ヌノウエ	ヌ
布内	ヌノウチ	ヌ
布浦	ヌノウラ	ヌ
布浦翼	ヌノウラツバサ	ヌ
布栄	ヌノエ	ヌ
布枝	ヌノエ	ヌ
布絵	ヌノエ	ヌ
布江	ヌノエ	ヌ
布駅	ヌノエキ	ヌ
布江剛士	ヌノエツヨシ	ヌ
布江名	ヌノエミョウ	ヌ
布尾	ヌノオ	ヌ
布忍富鳥鳴海神	ヌノオシトミトリナルドミノカミ	ヌ
布オムツ	ヌノオムツ	ヌ
布おむつ	ヌノオムツ	ヌ
布尾良策	ヌノオリョウサク	ヌ
布方	ヌノカタ	ヌ
布亀	ヌノカメ	ヌ
布亀株式会社	ヌノカメカブシキガイシャ	ヌ
布川	ヌノカワ	ヌ
布川駅	ヌノカワエキ	ヌ
布川角左衛門	ヌノカワカクザエモン	ヌ
布川欣一	ヌノカワキンイチ	ヌ
布川恵一	ヌノカワケイイチ	ヌ
ヌノカワコウジ	ヌノカワコウジ	ヌ
布川徹郎	ヌノカワテツロウ	ヌ
布川俊樹	ヌノカワトシキ	ヌ
布川俊樹＆納浩一	ヌノカワトシキアンドオサムコウイチ	ヌ
布川俊樹&納浩一	ヌノカワトシキアンドオサムコウイチ	ヌ
ヌノカワトシキアンドオサムコウイチ	ヌノカワトシキアンドオサムコウイチ	ヌ
布川俊樹ujq	ヌノカワトシキウルトラマンジャズカルテット	ヌ
ヌノカワトシキウルトラマンジャズカルテット	ヌノカワトシキウルトラマンジャズカルテット	ヌ
布川俊樹UJQ	ヌノカワトシキウルトラマンジャズカルテット	ヌ
布川弘	ヌノカワヒロシ	ヌ
布川ゆうじ	ヌノカワユウジ	ヌ
布川莉里杏	ヌノカワリリア	ヌ
布垣	ヌノガキ	ヌ
布ヶ瀧渕右エ門	ヌノガタキフチエモン	ヌ
布ヶ谷川	ヌノガダニガワ	ヌ
布金	ヌノガネ	ヌ
布上清香	ヌノガミセイコウ	ヌ
布生地の巾	ヌノキジノハバ	ヌ
布基礎	ヌノキソ	ヌ
布吉	ヌノキチ	ヌ
布切り絵	ヌノキリエ	ヌ
布久保	ヌノクボ	ヌ
布倉川	ヌノクラガワ	ヌ
布啓一郎	ヌノケイイチロウ	ヌ
布子	ヌノコ	ヌ
ヌノコ	ヌノコ	ヌ
布こ	ヌノコ	ヌ
ぬのこ	ヌノコ	ヌ
ぬの子	ヌノコ	ヌ
布コ	ヌノコ	ヌ
ヌノ子	ヌノコ	ヌ
ヌノゴシ	ヌノゴシ	ヌ
ヌノ越	ヌノゴシ	ヌ
布越	ヌノゴシ	ヌ
ぬの越し	ヌノゴシ	ヌ
布ゴシ	ヌノゴシ	ヌ
布ごし	ヌノゴシ	ヌ
ぬの越	ヌノゴシ	ヌ
布作	ヌノサク	ヌ
布晒	ヌノサラシ	ヌ
ヌノサラシ	ヌノサラシ	ヌ
布沢川	ヌノサワガワ	ヌ
ぬのざき	ヌノザキ	ヌ
ヌノザキ	ヌノザキ	ヌ
布崎	ヌノザキ	ヌ
布崎駅	ヌノザキエキ	ヌ
布澤	ヌノザワ	ヌ
布沢	ヌノザワ	ヌ
布敷	ヌノシキ	ヌ
布重	ヌノシゲ	ヌ
布下	ヌノシタ	ヌ
布下豊明	ヌノシタトヨアキラ	ヌ
布下満	ヌノシタミツル	ヌ
布師田	ヌノシダ	ヌ
布師田駅	ヌノシダエキ	ヌ
布師磐	ヌノシノイワ	ヌ
布柴	ヌノシバ	ヌ
淳熨斗媛命	ヌノシヒメノミコト	ヌ
箆野島	ヌノシマ	ヌ
箟野島	ヌノシマ	ヌ
ヌノシマ	ヌノシマ	ヌ
布島	ヌノシマ	ヌ
ぬのしま	ヌノシマ	ヌ
布尻	ヌノシリ	ヌ
ぬの地	ヌノジ	ヌ
布ジ	ヌノジ	ヌ
ぬのじ	ヌノジ	ヌ
ヌノジ	ヌノジ	ヌ
布地	ヌノジ	ヌ
布じ	ヌノジ	ヌ
ヌノ地	ヌノジ	ヌ
奴之助	ヌノスケ	ヌ
布住	ヌノズミ	ヌ
布瀬	ヌノセ	ヌ
布忍	ヌノセ	ヌ
ぬのせい	ヌノセイ	ヌ
ヌノセイ	ヌノセイ	ヌ
布製	ヌノセイ	ヌ
布セイ	ヌノセイ	ヌ
布せい	ヌノセイ	ヌ
ヌノ製	ヌノセイ	ヌ
ぬの製	ヌノセイ	ヌ
布製絵本	ヌノセイエホン	ヌ
布製マスク	ヌノセイマスク	ヌ
布忍駅	ヌノセエキ	ヌ
布忍神社	ヌノセジンジャ	ヌ
布瀬本町	ヌノセホンマチ	ヌ
布瀬町	ヌノセマチ	ヌ
布瀬町南	ヌノセマチミナミ	ヌ
布ぞうり	ヌノゾウリ	ヌ
布田	ヌノタ	ヌ
布たき	ヌノタキ	ヌ
ぬの滝	ヌノタキ	ヌ
ヌノタキ	ヌノタキ	ヌ
布滝	ヌノタキ	ヌ
布タキ	ヌノタキ	ヌ
ぬのたき	ヌノタキ	ヌ
ヌノ滝	ヌノタキ	ヌ
布滝川	ヌノタキガワ	ヌ
布谷	ヌノタニ	ヌ
布束砥信	ヌノタバシノブ	ヌ
布田町	ヌノダチョウ	ヌ
ヌノッペガワ	ヌノッペガワ	ヌ
布部川	ヌノッペガワ	ヌ
布塚	ヌノツカ	ヌ
布辻	ヌノツジ	ヌ
布恒更科	ヌノツネサラシナ	ヌ
布出	ヌノデ	ヌ
布ナプ	ヌノナプ	ヌ
布ナプキン	ヌノナプキン	ヌ
布橋	ヌノハシ	ヌ
布橋町	ヌノハシマチ	ヌ
布旗	ヌノハタ	ヌ
ぬの原	ヌノハラ	ヌ
布ハラ	ヌノハラ	ヌ
ヌノ原	ヌノハラ	ヌ
布原	ヌノハラ	ヌ
布はら	ヌノハラ	ヌ
布原駅	ヌノハラエキ	ヌ
ヌノバ	ヌノバ	ヌ
布葉	ヌノバ	ヌ
布引	ヌノヒキ	ヌ
布平	ヌノヒラ	ヌ
布平川	ヌノヒラガワ	ヌ
布広	ヌノヒロ	ヌ
布廣	ヌノヒロ	ヌ
布広永示	ヌノヒロエイジ	ヌ
布引運動公園陸上競技場	ヌノビキウンドウコウエンリクジョウキョウギジョウ	ヌ
ぬのびき型消防艇	ヌノビキガタショウボウテイ	ヌ
布引川	ヌノビキガワ	ヌ
布引國太郎	ヌノビキクニタロウ	ヌ
布引高原	ヌノビキコウゲン	ヌ
布引五本松ダム	ヌノビキゴホンマツダム	ヌ
ヌノビキサン地	ヌノビキサンチ	ヌ
布引山チ	ヌノビキサンチ	ヌ
ヌノビキ山チ	ヌノビキサンチ	ヌ
布引山地	ヌノビキサンチ	ヌ
ぬのびきさん地	ヌノビキサンチ	ヌ
布引サンチ	ヌノビキサンチ	ヌ
ぬのびき山地	ヌノビキサンチ	ヌ
布引山ち	ヌノビキサンチ	ヌ
布引さん地	ヌノビキサンチ	ヌ
布引サン地	ヌノビキサンチ	ヌ
ぬのびき山ち	ヌノビキサンチ	ヌ
ヌノビキサンチ	ヌノビキサンチ	ヌ
ヌノビキ山地	ヌノビキサンチ	ヌ
ぬのびき滝	ヌノビキタキ	ヌ
ぬのびきたき	ヌノビキタキ	ヌ
ヌノビキ滝	ヌノビキタキ	ヌ
布引たき	ヌノビキタキ	ヌ
布引滝	ヌノビキタキ	ヌ
布引タキ	ヌノビキタキ	ヌ
ヌノビキタキ	ヌノビキタキ	ヌ
布引台	ヌノビキダイ	ヌ
布引谷川	ヌノビキダニガワ	ヌ
布引町	ヌノビキチョウ	ヌ
布引貯水池	ヌノビキチョスイチ	ヌ
布引電気鉄道	ヌノビキデンキテツドウ	ヌ
布引峠	ヌノビキトウゲ	ヌ
布引敏雄	ヌノビキトシオ	ヌ
布引ノタキ	ヌノビキノタキ	ヌ
ぬのびきの滝	ヌノビキノタキ	ヌ
ヌノビキノ滝	ヌノビキノタキ	ヌ
布引ノ滝	ヌノビキノタキ	ヌ
布引のたき	ヌノビキノタキ	ヌ
布引原	ヌノビキハラ	ヌ
布引丸事件	ヌノビキマルジケン	ヌ
ぬのびきやま	ヌノビキヤマ	ヌ
ヌノビキヤマ	ヌノビキヤマ	ヌ
布引山	ヌノビキヤマ	ヌ
ヌノビキ山	ヌノビキヤマ	ヌ
布引ヤマ	ヌノビキヤマ	ヌ
ぬのびき山	ヌノビキヤマ	ヌ
布引やま	ヌノビキヤマ	ヌ
布袋あずき	ヌノブクロアズキ	ヌ
布部	ヌノベ	ヌ
布部石綿	ヌノベイシワタ	ヌ
布部一	ヌノベイチ	ヌ
布部駅	ヌノベエキ	ヌ
布部市街地	ヌノベシガイチ	ヌ
布部陽功	ヌノベタカノリ	ヌ
布部岳	ヌノベダケ	ヌ
ぬのべ岳	ヌノベダケ	ヌ
ヌノベ岳	ヌノベダケ	ヌ
ヌノベダケ	ヌノベダケ	ヌ
布部ダケ	ヌノベダケ	ヌ
布部村	ヌノベムラ	ヌ
布巻	ヌノマキ	ヌ
布卷	ヌノマキ	ヌ
布巻峻介	ヌノマキシュンスケ	ヌ
布巻町	ヌノマキマチ	ヌ
布マスク	ヌノマスク	ヌ
布俣	ヌノマタ	ヌ
布又川	ヌノマタガワ	ヌ
布見	ヌノミ	ヌ
布見川	ヌノミガワ	ヌ
布宮	ヌノミヤ	ヌ
布村杏	ヌノムラアン	ヌ
布村一夫	ヌノムラカズオ	ヌ
布村一男	ヌノムラカズオ	ヌ
布村浩一	ヌノムラコウイチ	ヌ
布メ	ヌノメ	ヌ
ぬの目	ヌノメ	ヌ
布目	ヌノメ	ヌ
布め	ヌノメ	ヌ
ヌノ目	ヌノメ	ヌ
ヌノメアカガイ	ヌノメアカガイ	ヌ
布目赤貝	ヌノメアカガイ	ヌ
布目旭	ヌノメアサヒ	ヌ
布目浅蜊	ヌノメアサリ	ヌ
ヌノメアサリ	ヌノメアサリ	ヌ
布目糸巻	ヌノメイトマキ	ヌ
ヌノメイトマキ	ヌノメイトマキ	ヌ
布目駅	ヌノメエキ	ヌ
布目川蜷	ヌノメカワニノ	ヌ
ヌノメカワニノ	ヌノメカワニノ	ヌ
布目貫一	ヌノメカンイチ	ヌ
布目貝	ヌノメガイ	ヌ
ヌノメガイ	ヌノメガイ	ヌ
布目川	ヌノメガワ	ヌ
布目北	ヌノメキタ	ヌ
布目貞雄	ヌノメサダオ	ヌ
布目貞夫	ヌノメサダオ	ヌ
布目沢	ヌノメザワ	ヌ
布目新	ヌノメシン	ヌ
布目新町	ヌノメシンマチ	ヌ
布目ダム	ヌノメダム	ヌ
布目電機株式会社	ヌノメデンキカブシキガイシャ	ヌ
布目電機(株)	ヌノメデンキカブシキガイシャ	ヌ
布目電機 （株）	ヌノメデンキカブシキガイシャ	ヌ
布目電機 株式会社	ヌノメデンキカブシキガイシャ	ヌ
ヌノメデンキカブシキガイシャ	ヌノメデンキカブシキガイシャ	ヌ
布目電機（株）	ヌノメデンキカブシキガイシャ	ヌ
布目西	ヌノメニシ	ヌ
布目東	ヌノメヒガシ	ヌ
布目東町	ヌノメヒガシマチ	ヌ
布目満造	ヌノメミツゾウ	ヌ
布目緑	ヌノメミドリ	ヌ
布目緑町	ヌノメミドリマチ	ヌ
布目南	ヌノメミナミ	ヌ
布目南町	ヌノメミナミマチ	ヌ
布本	ヌノモト	ヌ
布元	ヌノモト	ヌ
ぬのもりやま	ヌノモリヤマ	ヌ
ヌノ森ヤマ	ヌノモリヤマ	ヌ
布モリヤマ	ヌノモリヤマ	ヌ
ヌノ森山	ヌノモリヤマ	ヌ
布森ヤマ	ヌノモリヤマ	ヌ
ぬの森山	ヌノモリヤマ	ヌ
ヌノモリ山	ヌノモリヤマ	ヌ
ぬの森やま	ヌノモリヤマ	ヌ
ヌノモリヤマ	ヌノモリヤマ	ヌ
布森やま	ヌノモリヤマ	ヌ
布もり山	ヌノモリヤマ	ヌ
布モリ山	ヌノモリヤマ	ヌ
布もりやま	ヌノモリヤマ	ヌ
布森山	ヌノモリヤマ	ヌ
ぬのもり山	ヌノモリヤマ	ヌ
布矢	ヌノヤ	ヌ
布屋	ヌノヤ	ヌ
布屋町	ヌノヤチョウ	ヌ
布谷文夫	ヌノヤフミオ	ヌ
布谷史人	ヌノヤフミト	ヌ
ヌノリアルマイア	ヌノリアルマイア	ヌ
ヌノ・リアル・マイア	ヌノリアルマイア	ヌ
奴白	ヌハク	ヌ
楼下洞	ヌハドウ	ヌ
ぬはり短歌会	ヌハリタンカカイ	ヌ
烏玉	ヌバタマ	ヌ
夜干玉	ヌバタマ	ヌ
奴婆珠	ヌバタマ	ヌ
有干玉	ヌバタマ	ヌ
奴婆多末	ヌバタマ	ヌ
ヌバタマ	ヌバタマ	ヌ
農播拕磨	ヌバタマ	ヌ
奴婆多麻	ヌバタマ	ヌ
ぬばたまの	ヌバタマノ	ヌ
ぬばりん	ヌバリン	ヌ
ヌヒ	ヌヒ	ヌ
ぬひ	ヌヒ	ヌ
奴婢解放	ヌヒカイホウ	ヌ
奴婢訓	ヌヒクン	ヌ
奴婢国家	ヌヒコッカ	ヌ
奴婢随母法	ヌヒズイボホウ	ヌ
奴婢制	ヌヒセイ	ヌ
ヌビア	ヌビア	ヌ
ヌビアアイベックス	ヌビアアイベックス	ヌ
ヌビア遺跡群	ヌビアイセキグン	ヌ
ヌビア王国	ヌビアオウコク	ヌ
ヌビア語	ヌビアゴ	ヌ
ヌビア人	ヌビアジン	ヌ
ヌビアのピラミッド	ヌビアノピラミッド	ヌ
ヌビア博物館	ヌビアハクブツカン	ヌ
ヌビアン	ヌビアン	ヌ
ヌビアン・マインズ	ヌビアンマインズ	ヌ
ヌビアンマインズ	ヌビアンマインズ	ヌ
ヌビナイガワ	ヌビナイガワ	ヌ
ヌビナイ川	ヌビナイガワ	ヌ
ヌファリジン	ヌファリジン	ヌ
ヌフ＝ブリザック	ヌフブリザック	ヌ
ヌフブリザック	ヌフブリザック	ヌ
ヌフマルシェ	ヌフマルシェ	ヌ
ヌフ＝マルシェ	ヌフマルシェ	ヌ
ヌプキベツ	ヌプキベツ	ヌ
ぬぷきべつ川	ヌプキベツカワ	ヌ
ヌプキベツ川	ヌプキベツカワ	ヌ
ぬぷきべつかわ	ヌプキベツカワ	ヌ
ヌプキベツカワ	ヌプキベツカワ	ヌ
ヌプジャンイ	ヌプジャンイ	ヌ
늪짱이	ヌプジャンイ	ヌ
ヌプツェ	ヌプツェ	ヌ
ヌプ坪駅	ヌプピョンエキ	ヌ
ヌプリ	ヌプリ	ヌ
ヌプントムラウシガワ	ヌプントムラウシガワ	ヌ
ヌプントムラウシ川	ヌプントムラウシガワ	ヌ
ぬ~ぼ~	ヌボ	ヌ
ヌボ	ヌボ	ヌ
ぬぼ	ヌボ	ヌ
ぬ-ぼ-	ヌボ	ヌ
nuboaix	ヌボアイック	ヌ
ヌボアイック	ヌボアイック	ヌ
ヌポ	ヌポ	ヌ
湫	ヌマ	ヌ
沼間	ヌマ	ヌ
沼	ヌマ	ヌ
奴間	ヌマ	ヌ
沼井	ヌマイ	ヌ
沼居	ヌマイ	ヌ
沼井和馬	ヌマイカズマ	ヌ
沼イケ	ヌマイケ	ヌ
沼池	ヌマイケ	ヌ
ヌマ池	ヌマイケ	ヌ
ぬまいけ	ヌマイケ	ヌ
ヌマイケ	ヌマイケ	ヌ
沼いけ	ヌマイケ	ヌ
ぬま池	ヌマイケ	ヌ
沼井公園	ヌマイコウエン	ヌ
沼井雅之	ヌマイマサユキ	ヌ
沼井充	ヌマイミツル	ヌ
ぬま牛	ヌマウシ	ヌ
沼ウシ	ヌマウシ	ヌ
ヌマ牛	ヌマウシ	ヌ
沼うし	ヌマウシ	ヌ
沼牛	ヌマウシ	ヌ
沼牛駅	ヌマウシエキ	ヌ
沼牛川	ヌマウシガワ	ヌ
ヌマウズラ	ヌマウズラ	ヌ
沼鶉	ヌマウズラ	ヌ
沼内	ヌマウチ	ヌ
沼浦	ヌマウラ	ヌ
沼江蛙	ヌマエカエル	ヌ
沼蝦	ヌマエビ	ヌ
ヌマエビ	ヌマエビ	ヌ
ヌマエラビル	ヌマエラビル	ヌ
沼尾	ヌマオ	ヌ
沼岡	ヌマオカ	ヌ
沼オガワ	ヌマオガワ	ヌ
沼尾ガワ	ヌマオガワ	ヌ
沼尾川	ヌマオガワ	ヌ
沼オ川	ヌマオガワ	ヌ
沼お川	ヌマオガワ	ヌ
ヌマオガワ	ヌマオガワ	ヌ
ヌマ尾川	ヌマオガワ	ヌ
ぬま尾川	ヌマオガワ	ヌ
ぬまお川	ヌマオガワ	ヌ
ヌマオ川	ヌマオガワ	ヌ
ヌマ尾ガワ	ヌマオガワ	ヌ
ヌマオ君	ヌマオクン	ヌ
沼落	ヌマオトシ	ヌ
沼落悪水路	ヌマオトシアクスイロ	ヌ
沼鬼	ヌマオニ	ヌ
沼尾沼	ヌマオヌマ	ヌ
沼尾ひろ子	ヌマオヒロコ	ヌ
沼尾浩子	ヌマオヒロコ	ヌ
沼尾マキエ	ヌマオマキエ	ヌ
沼尾みゆき	ヌマオミユキ	ヌ
ぬまおろかわ	ヌマオロカワ	ヌ
ヌマオロ川	ヌマオロカワ	ヌ
ヌマオロカワ	ヌマオロカワ	ヌ
ヌマオロ原野	ヌマオロゲンヤ	ヌ
沼蚊	ヌマカ	ヌ
ヌマカ	ヌマカ	ヌ
ヌマカイメン	ヌマカイメン	ヌ
沼海綿	ヌマカイメン	ヌ
沼影	ヌマカゲ	ヌ
沼風	ヌマカゼ	ヌ
沼竈鳥	ヌマカマドドリ	ヌ
ヌマカマドドリ	ヌマカマドドリ	ヌ
ヌマカミ	ヌマカミ	ヌ
ぬまかみ	ヌマカミ	ヌ
沼上	ヌマカミ	ヌ
沼上信号場	ヌマカミシンゴウジョウ	ヌ
ヌマカワ	ヌマカワ	ヌ
ぬまかわ	ヌマカワ	ヌ
ぬま川	ヌマカワ	ヌ
沼カワ	ヌマカワ	ヌ
沼川	ヌマカワ	ヌ
ヌマ川	ヌマカワ	ヌ
沼かわ	ヌマカワ	ヌ
沼川駅	ヌマカワエキ	ヌ
沼川川	ヌマカワガワ	ヌ
沼川浩子	ヌマカワヒロコ	ヌ
沼川洋一	ヌマカワヨウイチ	ヌ
沼賀	ヌマガ	ヌ
ヌマガイ	ヌマガイ	ヌ
沼貝	ヌマガイ	ヌ
沼返	ヌマガエシ	ヌ
沼蛙	ヌマガエル	ヌ
ヌマガエル	ヌマガエル	ヌ
沼垣	ヌマガキ	ヌ
沼賀健次	ヌマガケンジ	ヌ
沼ケ作	ヌマガサク	ヌ
沼頭	ヌマガシラ	ヌ
沼形	ヌマガタ	ヌ
沼ケ袋	ヌマガフクロ	ヌ
沼上幹	ヌマガミツヨシ	ヌ
沼茅	ヌマガヤ	ヌ
ヌマガヤ	ヌマガヤ	ヌ
ヌマガヤツリ	ヌマガヤツリ	ヌ
沼蚊帳釣	ヌマガヤツリ	ヌ
ヌマガレイ	ヌマガレイ	ヌ
沼川第二放水路	ヌマガワダイニホウスイロ	ヌ
沼川放水路	ヌマガワホウスイロ	ヌ
沼木	ヌマキ	ヌ
沼北	ヌマキタ	ヌ
沼北町	ヌマキタチョウ	ヌ
沼木村	ヌマキムラ	ヌ
沼城	ヌマギ	ヌ
沼クナイ	ヌマクナイ	ヌ
沼宮内	ヌマクナイ	ヌ
沼くない	ヌマクナイ	ヌ
沼久内	ヌマクナイ	ヌ
ヌマ宮内	ヌマクナイ	ヌ
ぬま宮内	ヌマクナイ	ヌ
沼宮内高等学校	ヌマクナイコウトウガッコウ	ヌ
沼宮内バイパス	ヌマクナイバイパス	ヌ
沼宮内真	ヌマクナイマコト	ヌ
沼くぼ	ヌマクボ	ヌ
沼久保	ヌマクボ	ヌ
ヌマ久保	ヌマクボ	ヌ
ぬま久保	ヌマクボ	ヌ
沼クボ	ヌマクボ	ヌ
沼久保駅	ヌマクボエキ	ヌ
沼隈	ヌマクマ	ヌ
沼隈郡	ヌマクマグン	ヌ
沼隈町	ヌマクマチョウ	ヌ
沼隈町上山南	ヌマクマチョウカミサンナ	ヌ
沼隈町草深	ヌマクマチョウクサブカ	ヌ
沼隈町下山南	ヌマクマチョウシモサンナ	ヌ
沼隈町常石	ヌマクマチョウツネイシ	ヌ
沼隈町中山南	ヌマクマチョウナカサンナ	ヌ
沼隈町能登原	ヌマクマチョウノトハラ	ヌ
沼隈半島	ヌマクマハントウ	ヌ
沼倉	ヌマクラ	ヌ
沼倉紅音	ヌマクラアカネ	ヌ
沼倉絵里子	ヌマクラエリコ	ヌ
沼倉さわ	ヌマクラサワ	ヌ
沼倉直也	ヌマクラナオヤ	ヌ
沼倉愛美	ヌマクラマナミ	ヌ
沼倉愛実	ヌマクラマナミ	ヌ
沼倉真里子	ヌマクラマリコ	ヌ
沼倉裕	ヌマクラユウ	ヌ
沼口	ヌマグチ	ヌ
沼黒	ヌマグロ	ヌ
ぬまこ	ヌマコ	ヌ
沼子	ヌマコ	ヌ
沼越	ヌマコシ	ヌ
ヌマコダキガイ	ヌマコダキガイ	ヌ
沼小屋	ヌマコヤ	ヌ
沼越峠	ヌマゴエトウゲ	ヌ
ヌマゴエトウゲ	ヌマゴエトウゲ	ヌ
ぬまごえとうげ	ヌマゴエトウゲ	ヌ
沼御前	ヌマゴゼン	ヌ
沼牛蒡	ヌマゴボウ	ヌ
ヌマゴボウ	ヌマゴボウ	ヌ
沼佐	ヌマサ	ヌ
沼崎	ヌマサキ	ヌ
沼嵜	ヌマサキ	ヌ
沼崎信行	ヌマサキノブユキ	ヌ
沼崎前	ヌマサキマエ	ヌ
沼崎山遺跡	ヌマサキヤマイセキ	ヌ
沼里川	ヌマサトガワ	ヌ
沼佐睦美	ヌマサムツミ	ヌ
沼澤	ヌマサワ	ヌ
沼沢洽治	ヌマサワコウジ	ヌ
沼澤聖一	ヌマサワセイイチ	ヌ
沼澤貴宏	ヌマサワタカヒロ	ヌ
沼澤拓也	ヌマサワタクヤ	ヌ
沼サンゴ	ヌマサンゴ	ヌ
沼座	ヌマザ	ヌ
沼埼	ヌマザキ	ヌ
沼崎勲	ヌマザキイサオ	ヌ
沼崎一郎	ヌマザキイチロウ	ヌ
沼崎川	ヌマザキガワ	ヌ
沼崎しゅういち	ヌマザキシュウイチ	ヌ
沼崎豊子	ヌマザキトヨコ	ヌ
沼崎農場	ヌマザキノウジョウ	ヌ
沼崎悠	ヌマザキユウ	ヌ
沼里	ヌマザト	ヌ
沼沢温泉	ヌマザワオンセン	ヌ
沼沢川	ヌマザワガワ	ヌ
ぬまざわこ	ヌマザワコ	ヌ
ヌマザワコ	ヌマザワコ	ヌ
沼沢湖	ヌマザワコ	ヌ
沼沢コ	ヌマザワコ	ヌ
沼沢こ	ヌマザワコ	ヌ
ぬまざわ湖	ヌマザワコ	ヌ
ヌマザワ湖	ヌマザワコ	ヌ
沼澤康一郎	ヌマザワコウイチロウ	ヌ
沼澤茂美	ヌマザワシゲミ	ヌ
沼沢茂美	ヌマザワシゲミ	ヌ
沼澤邪鬼	ヌマザワジャキ	ヌ
沼沢邪鬼	ヌマザワジャキ	ヌ
沼沢聖一	ヌマザワセイイチ	ヌ
沼澤尚	ヌマザワタカシ	ヌ
沼沢竜雄	ヌマザワタツオ	ヌ
沼沢ぬま	ヌマザワヌマ	ヌ
沼沢ヌマ	ヌマザワヌマ	ヌ
沼沢沼	ヌマザワヌマ	ヌ
ぬまざわぬま	ヌマザワヌマ	ヌ
ヌマザワ沼	ヌマザワヌマ	ヌ
ぬまざわ沼	ヌマザワヌマ	ヌ
ヌマザワヌマ	ヌマザワヌマ	ヌ
沼沢淑音	ヌマザワヨシト	ヌ
沼澤僚子	ヌマザワリョウコ	ヌ
沼下	ヌマシタ	ヌ
沼嶋	ヌマシマ	ヌ
沼島谷	ヌマシマタニ	ヌ
ヌマシャコ	ヌマシャコ	ヌ
沼駿	ヌマシュン	ヌ
沼正作	ヌマショウサク	ヌ
沼正三	ヌマショウゾウ	ヌ
沼尻駅	ヌマシリエキ	ヌ
沼代	ヌマシロ	ヌ
沼代新	ヌマシロシン	ヌ
沼代新町	ヌマシロシンチョウ	ヌ
沼新	ヌマシン	ヌ
沼新田	ヌマシンデン	ヌ
沼新町	ヌマシンマチ	ヌ
ヌマジカ	ヌマジカ	ヌ
沼鹿	ヌマジカ	ヌ
沼尻	ヌマジリ	ヌ
沼尻温泉	ヌマジリオンセン	ヌ
沼尻和樹	ヌマジリカズキ	ヌ
ヌマジリガワ	ヌマジリガワ	ヌ
ヌマジリ川	ヌマジリガワ	ヌ
沼尻川	ヌマジリガワ	ヌ
沼尻ガワ	ヌマジリガワ	ヌ
ぬまじり川	ヌマジリガワ	ヌ
沼尻啓介	ヌマジリケイスケ	ヌ
沼尻健太	ヌマジリケンタ	ヌ
沼尻幸吉	ヌマジリコウキチ	ヌ
沼尻こう原	ヌマジリコウゲン	ヌ
沼尻高原	ヌマジリコウゲン	ヌ
ぬまじりこうげん	ヌマジリコウゲン	ヌ
ぬまじりこう原	ヌマジリコウゲン	ヌ
ヌマジリコウゲン	ヌマジリコウゲン	ヌ
沼尻高ゲン	ヌマジリコウゲン	ヌ
ヌマジリ高ゲン	ヌマジリコウゲン	ヌ
ぬまじり高原	ヌマジリコウゲン	ヌ
ヌマジリ高原	ヌマジリコウゲン	ヌ
沼尻コウ原	ヌマジリコウゲン	ヌ
ヌマジリコウ原	ヌマジリコウゲン	ヌ
沼尻こうげん	ヌマジリコウゲン	ヌ
沼尻コウゲン	ヌマジリコウゲン	ヌ
沼尻高げん	ヌマジリコウゲン	ヌ
ぬまじり高げん	ヌマジリコウゲン	ヌ
沼尻鉱山	ヌマジリコウザン	ヌ
沼尻小文吾	ヌマジリコブンゴ	ヌ
沼尻沙弥香	ヌマジリサヤカ	ヌ
ヌマジリサンギョウカブシキガイシャ	ヌマジリサンギョウカブシキガイシャ	ヌ
沼尻産業 （株）	ヌマジリサンギョウカブシキガイシャ	ヌ
沼尻産業（株）	ヌマジリサンギョウカブシキガイシャ	ヌ
沼尻産業(株)	ヌマジリサンギョウカブシキガイシャ	ヌ
沼尻産業 株式会社	ヌマジリサンギョウカブシキガイシャ	ヌ
沼尻産業株式会社	ヌマジリサンギョウカブシキガイシャ	ヌ
沼尻大輝	ヌマジリダイキ	ヌ
沼尻の合戦	ヌマジリノカッセン	ヌ
沼尻由起子	ヌマジリユキコ	ヌ
ぬまじりよしみ	ヌマジリヨシミ	ヌ
沼尻竜典	ヌマジリリュウスケ	ヌ
沼尻凛太郎	ヌマジリリンタロウ	ヌ
沼須	ヌマス	ヌ
沼杉	ヌマスギ	ヌ
ヌマスギ	ヌマスギ	ヌ
ヌマスギナ	ヌマスギナ	ヌ
沼杉菜	ヌマスギナ	ヌ
沼須町	ヌマスマチ	ヌ
沼津江川	ヌマズエガワ	ヌ
沼津大沢川	ヌマズオオサワガワ	ヌ
沼瀬	ヌマセ	ヌ
ヌマゼリ	ヌマゼリ	ヌ
沼芹	ヌマゼリ	ヌ
沼添左ノ平	ヌマソエサノタイラ	ヌ
ヌマ田	ヌマタ	ヌ
ぬま田	ヌマタ	ヌ
沼た	ヌマタ	ヌ
沼タ	ヌマタ	ヌ
沼田晶弘	ヌマタアキヒロ	ヌ
沼田顕泰	ヌマタアキヤス	ヌ
沼田椅子製作所	ヌマタイスセイサクショ	ヌ
沼田稲次郎	ヌマタイネジロウ	ヌ
沼田宇源太	ヌマタウゲンタ	ヌ
沼田芸平	ヌマタウンペイ	ヌ
沼田駅	ヌマタエキ	ヌ
沼田恵範	ヌマタエハン	ヌ
沼田エフエム放送株式会社	ヌマタエフエムホウソウカブシキガイシャ	ヌ
沼田尾	ヌマタオ	ヌ
沼田景義	ヌマタカゲヨシ	ヌ
沼田川	ヌマタガワ	ヌ
沼タガワ	ヌマタガワ	ヌ
ヌマ田川	ヌマタガワ	ヌ
ヌマタガワ	ヌマタガワ	ヌ
ヌマタ川	ヌマタガワ	ヌ
ぬまた川	ヌマタガワ	ヌ
沼田ガワ	ヌマタガワ	ヌ
ぬま田川	ヌマタガワ	ヌ
沼滝	ヌマタキ	ヌ
沼田喜三郎	ヌマタキサブロウ	ヌ
沼田貴美	ヌマタキミ	ヌ
沼田清	ヌマタキヨシ	ヌ
沼田銀行	ヌマタギンコウ	ヌ
沼田邦光	ヌマタクニミツ	ヌ
沼田郡	ヌマタグン	ヌ
沼竹	ヌマタケ	ヌ
沼田圭悟	ヌマタケイゴ	ヌ
沼田警察署	ヌマタケイサツショ	ヌ
沼毅	ヌマタケシ	ヌ
沼田研児	ヌマタケンジ	ヌ
沼田月斎	ヌマタゲッサイ	ヌ
沼田元気	ヌマタゲンキ	ヌ
沼田元氣	ヌマタゲンキ	ヌ
沼田甲	ヌマタコウ	ヌ
沼田広域圏	ヌマタコウイキケン	ヌ
沼田公園	ヌマタコウエン	ヌ
沼田工業 株式会社	ヌマタコウギョウカブシキガイシャ	ヌ
ヌマタコウギョウカブシキガイシャ	ヌマタコウギョウカブシキガイシャ	ヌ
沼田工業 （株）	ヌマタコウギョウカブシキガイシャ	ヌ
沼田工業（株）	ヌマタコウギョウカブシキガイシャ	ヌ
沼田工業(株)	ヌマタコウギョウカブシキガイシャ	ヌ
沼田工業株式会社	ヌマタコウギョウカブシキガイシャ	ヌ
沼田工業所株式会社	ヌマタコウギョウショカブシキガイシャ	ヌ
沼田工業所(株)	ヌマタコウギョウショカブシキガイシャ	ヌ
沼田工業所 株式会社	ヌマタコウギョウショカブシキガイシャ	ヌ
ヌマタコウギョウショカブシキガイシャ	ヌマタコウギョウショカブシキガイシャ	ヌ
沼田工業所 （株）	ヌマタコウギョウショカブシキガイシャ	ヌ
沼田工業所（株）	ヌマタコウギョウショカブシキガイシャ	ヌ
沼田康司	ヌマタコウジ	ヌ
沼田高等学校	ヌマタコウトウガッコウ	ヌ
沼田紅緑	ヌマタコウロク	ヌ
沼田悟郎	ヌマタゴロウ	ヌ
沼田三絵美	ヌマタサエミ	ヌ
沼田さくら	ヌマタサクラ	ヌ
沼田哲史	ヌマタサトシ	ヌ
沼田識史	ヌマタサトシ	ヌ
沼田哲	ヌマタサトシ	ヌ
沼田早苗	ヌマタサナエ	ヌ
沼田氏	ヌマタシ	ヌ
沼田市	ヌマタシ	ヌ
沼田市秋塚町	ヌマタシアキヅカマチ	ヌ
沼田市石墨町	ヌマタシイシズミマチ	ヌ
沼田市井土上町	ヌマタシイドノウエマチ	ヌ
沼田市今井町	ヌマタシイマイマチ	ヌ
沼田市岩本町	ヌマタシイワモトマチ	ヌ
沼田市薄根町	ヌマタシウスネマチ	ヌ
沼田市宇楚井町	ヌマタシウソイマチ	ヌ
沼田市大釜町	ヌマタシオオガママチ	ヌ
沼田市岡谷町	ヌマタシオカヤマチ	ヌ
沼田市恩田町	ヌマタシオンダマチ	ヌ
沼田市鍛冶町	ヌマタシカジマチ	ヌ
沼田市上川田町	ヌマタシカミカワダマチ	ヌ
沼田市上久屋町	ヌマタシカミクヤマチ	ヌ
沼田市上沼須町	ヌマタシカミヌマスマチ	ヌ
沼田市上之町	ヌマタシカミノチョウ	ヌ
沼田市上原町	ヌマタシカミハラマチ	ヌ
沼田市上発知町	ヌマタシカミホッチマチ	ヌ
沼田市議会	ヌマタシギカイ	ヌ
沼田市議会議員	ヌマタシギカイギイン	ヌ
沼田市議会議員選挙	ヌマタシギカイギインセンキョ	ヌ
沼田市議会議員補欠選挙	ヌマタシギカイギインホケツセンキョ	ヌ
沼田市久屋原町	ヌマタシクヤハラマチ	ヌ
沼田市くらしの会	ヌマタシクラシノカイ	ヌ
沼田資源（株）	ヌマタシゲンカブシキガイシャ	ヌ
ヌマタシゲンカブシキガイシャ	ヌマタシゲンカブシキガイシャ	ヌ
沼田資源株式会社	ヌマタシゲンカブシキガイシャ	ヌ
沼田資源 株式会社	ヌマタシゲンカブシキガイシャ	ヌ
沼田資源(株)	ヌマタシゲンカブシキガイシャ	ヌ
沼田資源 （株）	ヌマタシゲンカブシキガイシャ	ヌ
沼田市栄町	ヌマタシサカエマチ	ヌ
沼田市桜町	ヌマタシサクラマチ	ヌ
沼田市篠尾町	ヌマタシササオマチ	ヌ
沼田市佐山町	ヌマタシサヤママチ	ヌ
沼田市材木町	ヌマタシザイモクチョウ	ヌ
沼田市清水町	ヌマタシシミズチョウ	ヌ
沼田市下川田町	ヌマタシシモカワダマチ	ヌ
沼田市下久屋町	ヌマタシシモクヤマチ	ヌ
沼田市下沼田町	ヌマタシシモヌマタマチ	ヌ
沼田市下之町	ヌマタシシモノチョウ	ヌ
沼田市下発知町	ヌマタシシモホッチマチ	ヌ
沼田市白岩町	ヌマタシシライワマチ	ヌ
沼田市白沢町岩室	ヌマタシシラサワマチイワムロ	ヌ
沼田市白沢町尾合	ヌマタシシラサワマチオアイ	ヌ
沼田市白沢町上古語父	ヌマタシシラサワマチカミココブ	ヌ
沼田市白沢町下古語父	ヌマタシシラサワマチシモココブ	ヌ
沼田市白沢町高平	ヌマタシシラサワマチタカヒラ	ヌ
沼田市白沢町生枝	ヌマタシシラサワマチナマエ	ヌ
沼田市白沢町平出	ヌマタシシラサワマチヒライデ	ヌ
沼田市新町	ヌマタシシンマチ	ヌ
沼田市硯田町	ヌマタシスズリダマチ	ヌ
沼田市善桂寺町	ヌマタシゼンケイジマチ	ヌ
沼田市高橋場町	ヌマタシタカハシバマチ	ヌ
沼田市長	ヌマタシチョウ	ヌ
沼田市長選	ヌマタシチョウセン	ヌ
沼田市長選挙	ヌマタシチョウセンキョ	ヌ
沼田市戸神町	ヌマタシトカミマチ	ヌ
沼田市戸鹿野町	ヌマタシトガノマチ	ヌ
沼田市利根町青木	ヌマタシトネマチアオキ	ヌ
沼田市利根町穴原	ヌマタシトネマチアナバラ	ヌ
沼田市利根町石戸新田	ヌマタシトネマチイシドシンデン	ヌ
沼田市利根町老神	ヌマタシトネマチオイガミ	ヌ
沼田市利根町大原	ヌマタシトネマチオオハラ	ヌ
沼田市利根町大楊	ヌマタシトネマチオオヨウ	ヌ
沼田市利根町追貝	ヌマタシトネマチオッカイ	ヌ
沼田市利根町柿平	ヌマタシトネマチカキダイラ	ヌ
沼田市利根町小松	ヌマタシトネマチコマツ	ヌ
沼田市利根町砂川	ヌマタシトネマチスナガワ	ヌ
沼田市利根町園原	ヌマタシトネマチソノハラ	ヌ
沼田市利根町高戸谷	ヌマタシトネマチタカトヤ	ヌ
沼田市利根町多那	ヌマタシトネマチタナ	ヌ
沼田市利根町千鳥	ヌマタシトネマチチドリ	ヌ
沼田市利根町二本松	ヌマタシトネマチニホンマツ	ヌ
沼田市利根町根利	ヌマタシトネマチネリ	ヌ
沼田市利根町日影南郷	ヌマタシトネマチヒカゲナンゴウ	ヌ
沼田市利根町日向南郷	ヌマタシトネマチヒナタナンゴウ	ヌ
沼田市利根町平川	ヌマタシトネマチヒラガワ	ヌ
沼田市利根町輪組	ヌマタシトネマチワクミ	ヌ
沼田市内	ヌマタシナイ	ヌ
沼田市中発知町	ヌマタシナカホッチマチ	ヌ
沼田市中町	ヌマタシナカマチ	ヌ
沼田市奈良町	ヌマタシナラマチ	ヌ
沼田市西倉内町	ヌマタシニシクラウチマチ	ヌ
沼田市西原新町	ヌマタシニシハラシンマチ	ヌ
沼田市沼須町	ヌマタシヌマスマチ	ヌ
沼田市原町	ヌマタシハラマチ	ヌ
沼田市榛名町	ヌマタシハルナマチ	ヌ
沼田市馬喰町	ヌマタシバクロウマチ	ヌ
沼田市バス	ヌマタシバス	ヌ
沼田市東倉内町	ヌマタシヒガシクラウチマチ	ヌ
沼田市東原新町	ヌマタシヒガシハラシンマチ	ヌ
沼田市発知新田町	ヌマタシホッチシンデンマチ	ヌ
沼田市堀廻町	ヌマタシホリメグリマチ	ヌ
沼田市坊新田町	ヌマタシボウシンデンマチ	ヌ
沼田市町田町	ヌマタシマチダマチ	ヌ
沼田市民	ヌマタシミン	ヌ
沼田社会保険労務士事務所	ヌマタシャカイホケンロウムシジムショ	ヌ
沼田市屋形原町	ヌマタシヤカタバラマチ	ヌ
沼田市役所	ヌマタシヤクショ	ヌ
沼田市柳町	ヌマタシヤナギマチ	ヌ
沼田翔平	ヌマタショウヘイ	ヌ
沼田市横塚町	ヌマタシヨコヅカマチ	ヌ
沼田市立池田小学校	ヌマタシリツイケダショウガッコウ	ヌ
沼田市立薄根中学校	ヌマタシリツウスネチュウガッコウ	ヌ
沼田市立利根小学校	ヌマタシリツトネショウガッコウ	ヌ
沼田市立利根中学校	ヌマタシリツトネチュウガッコウ	ヌ
沼田市立沼田中学校	ヌマタシリツヌマタチュウガッコウ	ヌ
沼田真佑	ヌマタシンスケ	ヌ
沼田新田	ヌマタシンデン	ヌ
沼田真也	ヌマタシンヤ	ヌ
沼田路	ヌマタジ	ヌ
沼田麝香	ヌマタジャコウ	ヌ
沼田純	ヌマタジュン	ヌ
沼田城	ヌマタジョウ	ヌ
沼田次郎	ヌマタジロウ	ヌ
沼田祐光	ヌマタスケミツ	ヌ
沼田鈴子	ヌマタスズコ	ヌ
沼田誠也	ヌマタセイヤ	ヌ
沼田壮平	ヌマタソウヘイ	ヌ
沼田園子	ヌマタソノコ	ヌ
ヌマタソノコアンドタデヌマアケミ	ヌマタソノコアンドタデヌマアケミ	ヌ
沼田園子＆蓼沼明美	ヌマタソノコアンドタデヌマアケミ	ヌ
沼田園子&蓼沼明美	ヌマタソノコアンドタデヌマアケミ	ヌ
沼田征矢雄	ヌマタソヤヲ	ヌ
沼田拓巳	ヌマタタクミ	ヌ
沼田健	ヌマタタケシ	ヌ
沼田武	ヌマタタケシ	ヌ
沼田大輔	ヌマタダイスケ	ヌ
沼田谷川	ヌマタダニガワ	ヌ
沼田ダム計画	ヌマタダムケイカク	ヌ
沼田団太郎	ヌマタダンタロウ	ヌ
沼田智佳	ヌマタチカ	ヌ
ぬまたちひろ	ヌマタチヒロ	ヌ
沼田中学校	ヌマタチュウガッコウ	ヌ
沼田中継局	ヌマタチュウケイキョク	ヌ
沼田町旭町	ヌマタチョウアサヒマチ	ヌ
沼田町阿戸	ヌマタチョウアト	ヌ
沼田町恵比島	ヌマタチョウエビシマ	ヌ
沼田町大塚	ヌマタチョウオオツカ	ヌ
沼田町北一条	ヌマタチョウキタイチジョウ	ヌ
沼田町共成	ヌマタチョウキョウセイ	ヌ
沼田町更新	ヌマタチョウコウシン	ヌ
沼田町高穂	ヌマタチョウタカホ	ヌ
沼田町東予	ヌマタチョウトウヨ	ヌ
沼田町伴	ヌマタチョウトモ	ヌ
沼田町西町	ヌマタチョウニシマチ	ヌ
沼田町沼田	ヌマタチョウヌマタ	ヌ
沼田町北竜	ヌマタチョウホクリュウ	ヌ
沼田町幌新	ヌマタチョウホロシン	ヌ
沼田町本通	ヌマタチョウホンドオリ	ヌ
沼田町真布	ヌマタチョウマップ	ヌ
沼田町緑町	ヌマタチョウミドリマチ	ヌ
沼田町南一条	ヌマタチョウミナミイチジョウ	ヌ
沼田町夜高あんどん祭り	ヌマタチョウヨウタカアンドンマツリ	ヌ
沼田町吉山	ヌマタチョウヨシヤマ	ヌ
沼田貯蓄銀行	ヌマタチョチクギンコウ	ヌ
沼達	ヌマタツ	ヌ
沼館道	ヌマタテミチ	ヌ
沼館道上	ヌマタテミチウエ	ヌ
沼館道南	ヌマタテミチミナミ	ヌ
沼田出入口	ヌマタデイリグチ	ヌ
沼田徳重	ヌマタトクシゲ	ヌ
沼田都市圏	ヌマタトシケン	ヌ
沼田としや	ヌマタトシヤ	ヌ
沼田鞆雄	ヌマタトモオ	ヌ
沼田有未	ヌマタトモミ	ヌ
沼谷	ヌマタニ	ヌ
沼谷香澄	ヌマタニカスミ	ヌ
沼谷川	ヌマタニガワ	ヌ
沼田沼須中継局	ヌマタヌマスチュウケイキョク	ヌ
沼田憲男	ヌマタノリオ	ヌ
沼田憲保	ヌマタノリヤス	ヌ
沼田バイパス	ヌマタバイパス	ヌ
沼田爆	ヌマタバク	ヌ
沼田宏樹	ヌマタヒロキ	ヌ
沼田寛	ヌマタヒロシ	ヌ
沼田浩	ヌマタヒロシ	ヌ
沼田宏文	ヌマタヒロフミ	ヌ
沼田浩正	ヌマタヒロマサ	ヌ
沼田宏行	ヌマタヒロユキ	ヌ
沼田裕之	ヌマタヒロユキ	ヌ
沼田病院	ヌマタビョウイン	ヌ
沼田分屯地	ヌマタブントンチ	ヌ
沼田朗	ヌマタホガラ	ヌ
沼田盆地	ヌマタボンチ	ヌ
沼田奔川	ヌマタポンガワ	ヌ
沼田良	ヌマタマコト	ヌ
沼田眞	ヌマタマコト	ヌ
沼田正俊	ヌマタマサトシ	ヌ
沼田政矩	ヌマタマサノリ	ヌ
沼田マナブ	ヌマタマナブ	ヌ
沼田まほかる	ヌマタマホカル	ヌ
沼田幹男	ヌマタミキオ	ヌ
沼田幹夫	ヌマタミキオ	ヌ
沼田未知	ヌマタミチ	ヌ
沼田通嗣	ヌマタミチツグ	ヌ
沼田弥一	ヌマタヤイチ	ヌ
沼田靖子	ヌマタヤスコ	ヌ
沼田やすひろ	ヌマタヤスヒロ	ヌ
沼田雄一朗	ヌマタユウイチロウ	ヌ
沼田祐介	ヌマタユウスケ	ヌ
沼田郵便局	ヌマタユウビンキョク	ヌ
沼田由花	ヌマタユカ	ヌ
沼田由樹	ヌマタユキ	ヌ
沼田行雄	ヌマタユキオ	ヌ
沼田順義	ヌマタユキヨシ	ヌ
沼田曜一	ヌマタヨウイチ	ヌ
沼田陽一	ヌマタヨウイチ	ヌ
沼田陽子	ヌマタヨウコ	ヌ
沼田義明	ヌマタヨシアキ	ヌ
沼田義明対小林弘	ヌマタヨシアキタイコバヤシヒロシセン	ヌ
沼田嘉穂	ヌマタヨシホ	ヌ
沼田頼輔	ヌマタヨリスケ	ヌ
沼田六平太	ヌマタロッペイタ	ヌ
沼台	ヌマダイ	ヌ
沼臺	ヌマダイ	ヌ
沼大希	ヌマダイキ	ヌ
ヌマダイコン	ヌマダイコン	ヌ
沼田久美子	ヌマダクミコ	ヌ
沼岳	ヌマダケ	ヌ
ヌマダケ	ヌマダケ	ヌ
沼ダケ	ヌマダケ	ヌ
ぬま岳	ヌマダケ	ヌ
ヌマ岳	ヌマダケ	ヌ
沼田島	ヌマダジマ	ヌ
沼田製粉株式会社	ヌマダセイフンカブシキガイシャ	ヌ
沼田多稼蔵	ヌマダタカゾウ	ヌ
沼館	ヌマダテ	ヌ
沼舘	ヌマダテ	ヌ
沼館駅	ヌマダテエキ	ヌ
沼達賢一	ヌマダテケンイチ	ヌ
沼舘沙輝哉	ヌマダテサキヤ	ヌ
ヌマダニ	ヌマダニ	ヌ
沼蜱	ヌマダニ	ヌ
沼地	ヌマチ	ヌ
ぬま地	ヌマチ	ヌ
ヌマ地	ヌマチ	ヌ
沼知	ヌマチ	ヌ
沼チ	ヌマチ	ヌ
沼ち	ヌマチ	ヌ
沼地どろまる	ヌマチドロマル	ヌ
沼池どろまる	ヌマチドロマル	ヌ
沼ちなり	ヌマチナリ	ヌ
沼知福三郎	ヌマチフクサブロウ	ヌ
沼町	ヌマチョウ	ヌ
沼ちよ子	ヌマチヨコ	ヌ
沼地蠟花	ヌマチロウカ	ヌ
沼地蝋花	ヌマチロウカ	ヌ
ぬまっき	ヌマッキ	ヌ
ぬまっち	ヌマッチ	ヌ
ぬまっぱら	ヌマッパラ	ヌ
沼原	ヌマッパラ	ヌ
ヌマッパラ	ヌマッパラ	ヌ
沼津	ヌマヅ	ヌ
沼津朝日新聞	ヌマヅアサヒシンブン	ヌ
沼津アルプス	ヌマヅアルプス	ヌ
沼津駅	ヌマヅエキ	ヌ
沼津海軍工廠	ヌマヅカイグンコウショウ	ヌ
沼津貝塚	ヌマヅカイヅカ	ヌ
沼津貨物駅	ヌマヅカモツエキ	ヌ
沼津垣	ヌマヅガキ	ヌ
沼津機関区	ヌマヅキカンク	ヌ
沼津ぐるめ街道	ヌマヅグルメカイドウ	ヌ
沼津警察署	ヌマヅケイサツショ	ヌ
沼津港	ヌマヅコウ	ヌ
沼津港駅	ヌマヅコウエキ	ヌ
沼津工業高等専門学校	ヌマヅコウギョウコウトウセンモンガッコウ	ヌ
沼津港深海水族館	ヌマヅコウシンカイスイゾクカン	ヌ
沼津高専	ヌマヅコウセン	ヌ
沼津御用邸	ヌマヅゴヨウテイ	ヌ
沼津御用邸記念公園	ヌマヅゴヨウテイキネンコウエン	ヌ
沼津市	ヌマヅシ	ヌ
沼津市上土町	ヌマヅシアゲツチチョウ	ヌ
沼津市旭町	ヌマヅシアサヒチョウ	ヌ
沼津市足高	ヌマヅシアシタカ	ヌ
沼津市石川	ヌマヅシイシカワ	ヌ
沼津市泉町	ヌマヅシイズミチョウ	ヌ
沼津市井田	ヌマヅシイタ	ヌ
沼津市市場町	ヌマヅシイチバチョウ	ヌ
沼津市市道	ヌマヅシイチミチ	ヌ
沼津市一本松	ヌマヅシイッポンマツ	ヌ
沼津市井出	ヌマヅシイデ	ヌ
沼津市今沢	ヌマヅシイマザワ	ヌ
沼津市植田	ヌマヅシウエダ	ヌ
沼津市魚町	ヌマヅシウオチョウ	ヌ
沼津市内浦重須	ヌマヅシウチウラオモス	ヌ
沼津市内浦小海	ヌマヅシウチウラコウミ	ヌ
沼津市内浦重寺	ヌマヅシウチウラシゲデラ	ヌ
沼津市内浦長浜	ヌマヅシウチウラナガハマ	ヌ
沼津市内浦三津	ヌマヅシウチウラミト	ヌ
沼津市営球場	ヌマヅシエイキュウジョウ	ヌ
沼津市江浦	ヌマヅシエノウラ	ヌ
沼津市江原町	ヌマヅシエバラチョウ	ヌ
沼津市大岡	ヌマヅシオオオカ	ヌ
沼津市大諏訪	ヌマヅシオオズワ	ヌ
沼津市大塚	ヌマヅシオオツカ	ヌ
沼津市大手町	ヌマヅシオオテマチ	ヌ
沼津市青野	ヌマヅシオオノ	ヌ
沼津市大平	ヌマヅシオオヒラ	ヌ
沼津市岡一色	ヌマヅシオカイッシキ	ヌ
沼津市岡宮	ヌマヅシオカノミヤ	ヌ
沼津市春日町	ヌマヅシカスガチョウ	ヌ
沼津市香貫が丘	ヌマヅシカヌキガオカ	ヌ
沼津市上香貫	ヌマヅシカミカヌキ	ヌ
沼津市神田町	ヌマヅシカンダチョウ	ヌ
沼津市我入道	ヌマヅシガニュウドウ	ヌ
沼津市北今沢	ヌマヅシキタイマザワ	ヌ
沼津市北園町	ヌマヅシキタゾノチョウ	ヌ
沼津市北高島町	ヌマヅシキタタカシマチョウ	ヌ
沼津市共栄町	ヌマヅシキョウエイチョウ	ヌ
沼津市議会	ヌマヅシギカイ	ヌ
沼津市議会議員	ヌマヅシギカイギイン	ヌ
沼津市議会議員選挙	ヌマヅシギカイギインセンキョ	ヌ
沼津市議会議員補欠選挙	ヌマヅシギカイギインホケツセンキョ	ヌ
沼津市口野	ヌマヅシクチノ	ヌ
沼津市くまだか町	ヌマヅシクマダカチョウ	ヌ
沼津市黒瀬町	ヌマヅシクロセチョウ	ヌ
沼津市警察	ヌマヅシケイサツ	ヌ
沼津市小諏訪	ヌマヅシコズワ	ヌ
沼津市寿町	ヌマヅシコトブキチョウ	ヌ
沼津市小林台	ヌマヅシコバヤシダイ	ヌ
沼津市西条町	ヌマヅシサイジョウチョウ	ヌ
沼津市幸町	ヌマヅシサイワイチョウ	ヌ
沼津市五月町	ヌマヅシサツキチョウ	ヌ
沼津市沢田町	ヌマヅシサワダチョウ	ヌ
沼津市山王台	ヌマヅシサンノウダイ	ヌ
沼津市三枚橋	ヌマヅシサンマイバシ	ヌ
沼津市三枚橋町	ヌマヅシサンマイバシチョウ	ヌ
沼津市志下	ヌマヅシシゲ	ヌ
沼津市獅子浜	ヌマヅシシシハマ	ヌ
沼津市下小路町	ヌマヅシシタコウジチョウ	ヌ
沼津市下一丁田	ヌマヅシシモイッチョウダ	ヌ
沼津市下香貫	ヌマヅシシモカヌキ	ヌ
沼津市下河原町	ヌマヅシシモガワラチョウ	ヌ
沼津市下中溝	ヌマヅシシモナカミゾ	ヌ
沼津市下本町	ヌマヅシシモホンチョウ	ヌ
沼津市庄栄町	ヌマヅシショウエイチョウ	ヌ
沼津市消費者協会	ヌマヅシショウヒシャキョウカイ	ヌ
沼津市消費者研究会	ヌマヅシショウヒシャケンキュウカイ	ヌ
沼津市消防本部	ヌマヅシショウボウホンブ	ヌ
沼津市白銀町	ヌマヅシシロガネチョウ	ヌ
沼津市新沢田町	ヌマヅシシンサワダチョウ	ヌ
沼津市新宿町	ヌマヅシシンジュクチョウ	ヌ
沼津市新町	ヌマヅシシンチョウ	ヌ
沼津市蛇松町	ヌマヅシジャマツチョウ	ヌ
沼津市末広町	ヌマヅシスエヒロチョウ	ヌ
沼津市杉崎町	ヌマヅシスギザキチョウ	ヌ
沼津市住吉町	ヌマヅシスミヨシチョウ	ヌ
沼津市駿河台	ヌマヅシスルガダイ	ヌ
沼津市浅間町	ヌマヅシセンゲンチョウ	ヌ
沼津市千本	ヌマヅシセンボン	ヌ
沼津市千本郷林	ヌマヅシセンボンゴウリン	ヌ
沼津市千本常盤町	ヌマヅシセンボントキワチョウ	ヌ
沼津市千本中町	ヌマヅシセンボンナカチョウ	ヌ
沼津市千本西町	ヌマヅシセンボンニシチョウ	ヌ
沼津市千本東町	ヌマヅシセンボンヒガシチョウ	ヌ
沼津市千本緑町	ヌマヅシセンボンミドリチョウ	ヌ
沼津市千本港町	ヌマヅシセンボンミナトマチ	ヌ
沼津市添地町	ヌマヅシソエチチョウ	ヌ
沼津市高尾台	ヌマヅシタカオダイ	ヌ
沼津市高砂町	ヌマヅシタカサゴチョウ	ヌ
沼津市高沢町	ヌマヅシタカザワチョウ	ヌ
沼津市高島町	ヌマヅシタカシマチョウ	ヌ
沼津市高島本町	ヌマヅシタカシマホンチョウ	ヌ
沼津市蓼原町	ヌマヅシタデハラチョウ	ヌ
沼津市多比	ヌマヅシタビ	ヌ
沼津市玉江町	ヌマヅシタマエチョウ	ヌ
沼津市大門町	ヌマヅシダイモンチョウ	ヌ
沼津市長	ヌマヅシチョウ	ヌ
沼津市長選	ヌマヅシチョウセン	ヌ
沼津市長選挙	ヌマヅシチョウセンキョ	ヌ
沼津市筒井町	ヌマヅシツツイチョウ	ヌ
沼津市出口町	ヌマヅシデグチチョウ	ヌ
沼津市通横町	ヌマヅシトオリヨコチョウ	ヌ
沼津市常盤町	ヌマヅシトキワチョウ	ヌ
沼津市鳥谷	ヌマヅシトヤ	ヌ
沼津市内	ヌマヅシナイ	ヌ
沼津市中沢田	ヌマヅシナカサワダ	ヌ
沼津市中瀬町	ヌマヅシナカセチョウ	ヌ
沼津市仲町	ヌマヅシナカチョウ	ヌ
沼津市中原町	ヌマヅシナカハラチョウ	ヌ
沼津市西浦足保	ヌマヅシニシウラアシボ	ヌ
沼津市西浦江梨	ヌマヅシニシウラエナシ	ヌ
沼津市西浦大瀬	ヌマヅシニシウラオオセ	ヌ
沼津市西浦木負	ヌマヅシニシウラキショウ	ヌ
沼津市西浦久連	ヌマヅシニシウラクヅラ	ヌ
沼津市西浦久料	ヌマヅシニシウラクリョウ	ヌ
沼津市西浦古宇	ヌマヅシニシウラコウ	ヌ
沼津市西浦河内	ヌマヅシニシウラコウチ	ヌ
沼津市西浦立保	ヌマヅシニシウラタチボ	ヌ
沼津市西浦平沢	ヌマヅシニシウラヒラサワ	ヌ
沼津市錦町	ヌマヅシニシキチョウ	ヌ
沼津市西熊堂	ヌマヅシニシクマンドウ	ヌ
沼津市西沢田	ヌマヅシニシサワダ	ヌ
沼津市西椎路	ヌマヅシニシシイジ	ヌ
沼津市西島町	ヌマヅシニシジマチョウ	ヌ
沼津市西添町	ヌマヅシニシゾエチョウ	ヌ
沼津市西野	ヌマヅシニシノ	ヌ
沼津市西間門	ヌマヅシニシマカド	ヌ
沼津市西松下	ヌマヅシニシマツシタ	ヌ
沼津市沼北町	ヌマヅシヌマキタチョウ	ヌ
沼津市根古屋	ヌマヅシネゴヤ	ヌ
沼津市八幡町	ヌマヅシハチマンチョウ	ヌ
沼津市花園町	ヌマヅシハナゾノチョウ	ヌ
沼津市原	ヌマヅシハラ	ヌ
沼津市原町中	ヌマヅシハラマチナカ	ヌ
沼津市東熊堂	ヌマヅシヒガシクマンドウ	ヌ
沼津市東沢田	ヌマヅシヒガシサワダ	ヌ
沼津市東椎路	ヌマヅシヒガシシイジ	ヌ
沼津市東原	ヌマヅシヒガシバラ	ヌ
沼津市東間門	ヌマヅシヒガシマカド	ヌ
沼津市東宮後町	ヌマヅシヒガシミヤウシロチョウ	ヌ
沼津市日の出町	ヌマヅシヒノデチョウ	ヌ
沼津市平沼	ヌマヅシヒラヌマ	ヌ
沼津市平町	ヌマヅシヒラマチ	ヌ
沼津市富士見町	ヌマヅシフジミチョウ	ヌ
沼津市双葉町	ヌマヅシフタバチョウ	ヌ
沼津市戸田	ヌマヅシヘダ	ヌ
沼津市戸田造船郷土資料博物館	ヌマヅシヘダゾウセンキョウドシリョウハクブツカン	ヌ
沼津市本	ヌマヅシホン	ヌ
沼津市本郷町	ヌマヅシホンゴウチョウ	ヌ
沼津市本田町	ヌマヅシホンタマチ	ヌ
沼津市本町	ヌマヅシホンチョウ	ヌ
沼津市前田	ヌマヅシマエダ	ヌ
沼津市槇島町	ヌマヅシマキジマチョウ	ヌ
沼津市馬込	ヌマヅシマゴメ	ヌ
沼津市真砂町	ヌマヅシマサゴチョウ	ヌ
沼津市町方町	ヌマヅシマチカタマチ	ヌ
沼津市松沢町	ヌマヅシマツサワチョウ	ヌ
沼津市松下	ヌマヅシマツシタ	ヌ
沼津市松下七反田	ヌマヅシマツシタヒチタンダ	ヌ
沼津市松長	ヌマヅシマツナガ	ヌ
沼津市丸子町	ヌマヅシマルコチョウ	ヌ
沼津市三園町	ヌマヅシミソノチョウ	ヌ
沼津市南本郷町	ヌマヅシミナミホンゴウチョウ	ヌ
沼津市宮前町	ヌマヅシミヤマエチョウ	ヌ
沼津市宮町	ヌマヅシミヤマチ	ヌ
沼津市宮本	ヌマヅシミヤモト	ヌ
沼津市御幸町	ヌマヅシミユキチョウ	ヌ
沼津市三芳町	ヌマヅシミヨシチョウ	ヌ
沼津市民	ヌマヅシミン	ヌ
沼津市明治史料館	ヌマヅシメイジシリョウカン	ヌ
沼津市桃里	ヌマヅシモモザト	ヌ
沼津市役所	ヌマヅシヤクショ	ヌ
沼津市柳沢	ヌマヅシヤナギサワ	ヌ
沼津市柳町	ヌマヅシヤナギチョウ	ヌ
沼津周波数変換変電所	ヌマヅシュウハスウヘンカンヘンデンショ	ヌ
沼津宿	ヌマヅシュク	ヌ
沼津市豊町	ヌマヅシユタカチョウ	ヌ
沼津商	ヌマヅショウ	ヌ
沼津市吉田町	ヌマヅシヨシダチョウ	ヌ
沼津市米山町	ヌマヅシヨネヤマチョウ	ヌ
沼津市立愛鷹小学校	ヌマヅシリツアシタカショウガッコウ	ヌ
沼津市立愛鷹中学校	ヌマヅシリツアシタカチュウガッコウ	ヌ
沼津市立今沢小学校	ヌマヅシリツイマザワショウガッコウ	ヌ
沼津市立浮島小学校	ヌマヅシリツウキシマショウガッコウ	ヌ
沼津市立内浦小学校	ヌマヅシリツウチウラショウガッコウ	ヌ
沼津市立大岡小学校	ヌマヅシリツオオオカショウガッコウ	ヌ
沼津市立大岡南小学校	ヌマヅシリツオオオカミナミショウガッコウ	ヌ
沼津市立大平小学校	ヌマヅシリツオオヒラショウガッコウ	ヌ
沼津市立開北小学校	ヌマヅシリツカイホクショウガッコウ	ヌ
沼津市立片浜小学校	ヌマヅシリツカタハマショウガッコウ	ヌ
沼津市立門池小学校	ヌマヅシリツカドイケショウガッコウ	ヌ
沼津市立門池中学校	ヌマヅシリツカドイケチュウガッコウ	ヌ
沼津市立金岡小学校	ヌマヅシリツカナオカショウガッコウ	ヌ
沼津市立香貫小学校	ヌマヅシリツカヌキショウガッコウ	ヌ
沼津市立沢田小学校	ヌマヅシリツサワダショウガッコウ	ヌ
沼津市立静浦小中一貫学校	ヌマヅシリツシズウラショウチュウイッカンガッコウ	ヌ
沼津市立千本小学校	ヌマヅシリツセンボンショウガッコウ	ヌ
沼津市立第一小学校	ヌマヅシリツダイイチショウガッコウ	ヌ
沼津市立第五小学校	ヌマヅシリツダイゴショウガッコウ	ヌ
沼津市立第五中学校	ヌマヅシリツダイゴチュウガッコウ	ヌ
沼津市立第三小学校	ヌマヅシリツダイサンショウガッコウ	ヌ
沼津市立第三中学校	ヌマヅシリツダイサンチュウガッコウ	ヌ
沼津市立第二小学校	ヌマヅシリツダイニショウガッコウ	ヌ
沼津市立第四小学校	ヌマヅシリツダイヨンショウガッコウ	ヌ
沼津市立第四中学校	ヌマヅシリツダイヨンチュウガッコウ	ヌ
沼津市立図書館	ヌマヅシリツトショカン	ヌ
沼津市立長井崎中学校	ヌマヅシリツナガイサキチュウガッコウ	ヌ
沼津市立西浦小学校	ヌマヅシリツニシウラショウガッコウ	ヌ
沼津市立沼津高等学校・中等部	ヌマヅシリツヌマヅコウトウガッコウチュウトウブ	ヌ
沼津市立沼津高等学校中等部	ヌマヅシリツヌマヅコウトウガッコウチュウトウブ	ヌ
沼津市立原小学校	ヌマヅシリツハラショウガッコウ	ヌ
沼津市立原中学校	ヌマヅシリツハラチュウガッコウ	ヌ
沼津市立原東小学校	ヌマヅシリツハラヒガシショウガッコウ	ヌ
沼津市立病院	ヌマヅシリツビョウイン	ヌ
沼津市立戸田小学校	ヌマヅシリツヘダショウガッコウ	ヌ
沼津市若葉町	ヌマヅシワカバチョウ	ヌ
沼津新聞	ヌマヅシンブン	ヌ
沼津信用金庫	ヌマヅシンヨウキンコ	ヌ
沼津城	ヌマヅジョウ	ヌ
沼津情報ビジネス専門学校	ヌマヅジョウホウビジネスセンモンガッコウ	ヌ
沼津情報・ビジネス専門学校	ヌマヅジョウホウビジネスセンモンガッコウ	ヌ
沼津城北	ヌマヅジョウホク	ヌ
沼津そうる	ヌマヅソウル	ヌ
沼津大空襲	ヌマヅダイクウシュウ	ヌ
沼津ダイナパック株式会社	ヌマヅダイナパックカブシキガイシャ	ヌ
沼津ダイナパック(株)	ヌマヅダイナパックカブシキガイシャ	ヌ
沼津ダイナパック 株式会社	ヌマヅダイナパックカブシキガイシャ	ヌ
沼津ダイナパック （株）	ヌマヅダイナパックカブシキガイシャ	ヌ
沼津ダイナパック（株）	ヌマヅダイナパックカブシキガイシャ	ヌ
ヌマヅダイナパックカブシキガイシャ	ヌマヅダイナパックカブシキガイシャ	ヌ
沼津中央高等学校	ヌマヅチュウオウコウトウガッコウ	ヌ
沼津中央病院	ヌマヅチュウオウビョウイン	ヌ
沼津登山東海バス	ヌマヅトザントウカイバス	ヌ
沼津都市圏	ヌマヅトシケン	ヌ
沼津西郵便局	ヌマヅニシユウビンキョク	ヌ
沼津藩	ヌマヅハン	ヌ
沼津バイパス	ヌマヅバイパス	ヌ
沼津東高校	ヌマヅヒガシコウコウ	ヌ
沼津プロレス	ヌマヅプロレス	ヌ
沼津兵学校	ヌマヅヘイガッコウ	ヌ
沼津方式	ヌマヅホウシキ	ヌ
沼津郵便局	ヌマヅユウビンキョク	ヌ
ヌマトラノオ	ヌマトラノオ	ヌ
沼虎の尾	ヌマトラノオ	ヌ
ヌマドクサ	ヌマドクサ	ヌ
沼木賊	ヌマドクサ	ヌ
沼樋	ヌマドヨ	ヌ
沼中	ヌマナカ	ヌ
沼浪	ヌマナミ	ヌ
沼波秀樹	ヌマナミヒデキ	ヌ
沼生	ヌマニウ	ヌ
沼にハマってきいてみた	ヌマニハマッテキイテミタ	ヌ
沼にハマる	ヌマニハマル	ヌ
沼にはまる	ヌマニハマル	ヌ
ヌマニワ	ヌマニワ	ヌ
沼野	ヌマノ	ヌ
沼野井	ヌマノイ	ヌ
沼ノ池	ヌマノイケ	ヌ
沼野一男	ヌマノイチオ	ヌ
沼野井春雄	ヌマノイハルオ	ヌ
沼能	ヌマノウ	ヌ
沼ノ上	ヌマノウエ	ヌ
沼野上	ヌマノウエ	ヌ
沼の上	ヌマノウエ	ヌ
沼ノ上駅	ヌマノウエエキ	ヌ
沼の内	ヌマノウチ	ヌ
沼の内町北	ヌマノウチチョウキタ	ヌ
沼の内町中央	ヌマノウチチョウチュウオウ	ヌ
沼の内町西	ヌマノウチチョウニシ	ヌ
沼の内町南	ヌマノウチチョウミナミ	ヌ
沼能友樹	ヌマノウトモキ	ヌ
沼ノカミヤマ	ヌマノカミヤマ	ヌ
ぬまのかみ山	ヌマノカミヤマ	ヌ
ぬまの上山	ヌマノカミヤマ	ヌ
沼の上山	ヌマノカミヤマ	ヌ
ヌマノカミ山	ヌマノカミヤマ	ヌ
ヌマノカミヤマ	ヌマノカミヤマ	ヌ
ヌマノ上山	ヌマノカミヤマ	ヌ
沼ノ上山	ヌマノカミヤマ	ヌ
ぬまのかみやま	ヌマノカミヤマ	ヌ
沼のかみやま	ヌマノカミヤマ	ヌ
沼ノ上ヤマ	ヌマノカミヤマ	ヌ
沼野恭子	ヌマノキョウコ	ヌ
沼ノ倉	ヌマノクラ	ヌ
沼之倉	ヌマノクラ	ヌ
沼野健補	ヌマノケンスケ	ヌ
沼の沢	ヌマノサワ	ヌ
沼ノ沢	ヌマノサワ	ヌ
沼ノ沢駅	ヌマノサワエキ	ヌ
ヌマノ沢川	ヌマノサワガワ	ヌ
ぬまのさわ川	ヌマノサワガワ	ヌ
ぬまの沢川	ヌマノサワガワ	ヌ
ヌマノサワ川	ヌマノサワガワ	ヌ
沼ノ沢川	ヌマノサワガワ	ヌ
沼ノ沢ガワ	ヌマノサワガワ	ヌ
沼のさわ川	ヌマノサワガワ	ヌ
ヌマノ沢ガワ	ヌマノサワガワ	ヌ
沼の沢川	ヌマノサワガワ	ヌ
沼ノサワ川	ヌマノサワガワ	ヌ
沼ノサワガワ	ヌマノサワガワ	ヌ
ヌマノサワガワ	ヌマノサワガワ	ヌ
沼野石	ヌマノセキ	ヌ
沼の岱	ヌマノタイ	ヌ
沼ノ平	ヌマノタイラ	ヌ
ぬまの平	ヌマノタイラ	ヌ
ヌマノ平	ヌマノタイラ	ヌ
沼のたいら	ヌマノタイラ	ヌ
沼ノタイラ	ヌマノタイラ	ヌ
ヌマノタイラ	ヌマノタイラ	ヌ
沼の平	ヌマノタイラ	ヌ
ぬまのたいら	ヌマノタイラ	ヌ
沼野忠之	ヌマノタダユキ	ヌ
沼野田和	ヌマノタワ	ヌ
ぬまのだいら	ヌマノダイラ	ヌ
沼野輝彦	ヌマノテルヒコ	ヌ
沼野伝内	ヌマノデンナイ	ヌ
沼のとうげやま	ヌマノトウゲヤマ	ヌ
沼の峠山	ヌマノトウゲヤマ	ヌ
ぬまのとうげ山	ヌマノトウゲヤマ	ヌ
ヌマノトウゲ山	ヌマノトウゲヤマ	ヌ
ぬまのとうげやま	ヌマノトウゲヤマ	ヌ
ヌマノトウゲヤマ	ヌマノトウゲヤマ	ヌ
沼ノトウゲ山	ヌマノトウゲヤマ	ヌ
沼ノトウゲヤマ	ヌマノトウゲヤマ	ヌ
ぬまの峠やま	ヌマノトウゲヤマ	ヌ
ヌマノ峠ヤマ	ヌマノトウゲヤマ	ヌ
沼ノ峠ヤマ	ヌマノトウゲヤマ	ヌ
ぬまの峠山	ヌマノトウゲヤマ	ヌ
沼のとうげ山	ヌマノトウゲヤマ	ヌ
ヌマノ峠山	ヌマノトウゲヤマ	ヌ
沼ノ峠山	ヌマノトウゲヤマ	ヌ
沼の峠やま	ヌマノトウゲヤマ	ヌ
沼之端	ヌマノハタ	ヌ
沼ノ端	ヌマノハタ	ヌ
沼ノ端駅	ヌマノハタエキ	ヌ
沼ノ端中央	ヌマノハタチュウオウ	ヌ
沼ノハラ	ヌマノハラ	ヌ
沼のはら	ヌマノハラ	ヌ
ヌマノ原	ヌマノハラ	ヌ
沼ノ原	ヌマノハラ	ヌ
ぬまの原	ヌマノハラ	ヌ
沼の原	ヌマノハラ	ヌ
沼の原山	ヌマノハラヤマ	ヌ
沼ノ原山	ヌマノハラヤマ	ヌ
沼のはらやま	ヌマノハラヤマ	ヌ
ぬまのはら山	ヌマノハラヤマ	ヌ
ぬまの原山	ヌマノハラヤマ	ヌ
ぬまのはらやま	ヌマノハラヤマ	ヌ
沼ノハラヤマ	ヌマノハラヤマ	ヌ
ヌマノハラヤマ	ヌマノハラヤマ	ヌ
沼ノ原ヤマ	ヌマノハラヤマ	ヌ
ヌマノハラ山	ヌマノハラヤマ	ヌ
ヌマノ原山	ヌマノハラヤマ	ヌ
沼皇女	ヌマノヒメミコ	ヌ
沼の辺	ヌマノベ	ヌ
沼の辺町	ヌマノベマチ	ヌ
沼又	ヌマノマタ	ヌ
沼野真弓	ヌマノマユミ	ヌ
沼野充義	ヌマノミツヨシ	ヌ
沼野村	ヌマノムラ	ヌ
ぬまのもり	ヌマノモリ	ヌ
ヌマノ森	ヌマノモリ	ヌ
沼ノ森	ヌマノモリ	ヌ
沼の森	ヌマノモリ	ヌ
沼ノモリ	ヌマノモリ	ヌ
ヌマノモリ	ヌマノモリ	ヌ
ぬまの森	ヌマノモリ	ヌ
沼のもり	ヌマノモリ	ヌ
沼野雄司	ヌマノユウジ	ヌ
ヌマハギ	ヌマハギ	ヌ
沼萩	ヌマハギ	ヌ
ヌマハコガメ	ヌマハコガメ	ヌ
沼繁萋	ヌマハコベ	ヌ
ヌマハコベ	ヌマハコベ	ヌ
沼橋	ヌマハシ	ヌ
沼橋川	ヌマハシガワ	ヌ
沼畑	ヌマハタ	ヌ
沼端	ヌマハタ	ヌ
沼畑直樹	ヌマハタナオキ	ヌ
沼畑真	ヌマハタマコト	ヌ
沼八幡宮	ヌマハチマングウ	ヌ
ヌマハリイ	ヌマハリイ	ヌ
沼針藺	ヌマハリイ	ヌ
沼春雄	ヌマハルオ	ヌ
沼端駅	ヌマバタエキ	ヌ
ヌマヒヨドリ	ヌマヒヨドリ	ヌ
沼鵯	ヌマヒヨドリ	ヌ
沼平	ヌマヒラ	ヌ
沼蛭	ヌマビル	ヌ
ヌマビル	ヌマビル	ヌ
沼袋	ヌマブクロ	ヌ
沼袋駅	ヌマブクロエキ	ヌ
ヌマブクロンクス	ヌマブクロンクス	ヌ
沼淵	ヌマブチ	ヌ
沼渕	ヌマブチ	ヌ
沼部	ヌマベ	ヌ
沼邊	ヌマベ	ヌ
沼邉	ヌマベ	ヌ
沼辺	ヌマベ	ヌ
沼部駅	ヌマベエキ	ヌ
沼辺信一	ヌマベシンイチ	ヌ
沼部春友	ヌマベハルトモ	ヌ
沼部町	ヌマベマチ	ヌ
沼部美由紀	ヌマベミユキ	ヌ
沼部幸博	ヌマベユキヒロ	ヌ
沼保	ヌマホ	ヌ
ヌマホロ川	ヌマホロガワ	ヌ
ヌマホロガワ	ヌマホロガワ	ヌ
沼本	ヌマホン	ヌ
沼本町	ヌマホンマチ	ヌ
ヌマポンピリウス	ヌマポンピリウス	ヌ
ヌマ・ポンピリウス	ヌマポンピリウス	ヌ
沼前	ヌママエ	ヌ
沼前川	ヌママエガワ	ヌ
沼マエ岬	ヌママエミサキ	ヌ
沼まえみさき	ヌママエミサキ	ヌ
ぬま前岬	ヌママエミサキ	ヌ
ヌマ前ミサキ	ヌママエミサキ	ヌ
沼マエミサキ	ヌママエミサキ	ヌ
ぬままえ岬	ヌママエミサキ	ヌ
沼前ミサキ	ヌママエミサキ	ヌ
ヌママエミサキ	ヌママエミサキ	ヌ
ぬま前みさき	ヌママエミサキ	ヌ
ヌママエ岬	ヌママエミサキ	ヌ
沼まえ岬	ヌママエミサキ	ヌ
沼前みさき	ヌママエミサキ	ヌ
ぬままえみさき	ヌママエミサキ	ヌ
沼前岬	ヌママエミサキ	ヌ
ヌマ前岬	ヌママエミサキ	ヌ
ヌママツ	ヌママツ	ヌ
ヌママムシ	ヌママムシ	ヌ
沼丸	ヌママル	ヌ
ヌマミズキ	ヌマミズキ	ヌ
沼水木	ヌマミズキ	ヌ
沼道	ヌマミチ	ヌ
沼光	ヌマミツ	ヌ
沼緑	ヌマミドリ	ヌ
沼緑町	ヌマミドリマチ	ヌ
沼向	ヌマムカイ	ヌ
ヌマムクドリモドキ	ヌマムクドリモドキ	ヌ
沼椋鳥擬	ヌマムクドリモドキ	ヌ
ヌマムツ	ヌマムツ	ヌ
沼村	ヌマムラ	ヌ
沼目	ヌマメ	ヌ
沼回	ヌマメグリ	ヌ
ヌマメグリ	ヌマメグリ	ヌ
沼目町	ヌマメマチ	ヌ
沼メン	ヌマメン	ヌ
沼元	ヌマモト	ヌ
沼本ダム	ヌマモトダム	ヌ
沼本憲明	ヌマモトノリアキ	ヌ
沼もり	ヌマモリ	ヌ
沼森	ヌマモリ	ヌ
沼守	ヌマモリ	ヌ
沼モリ	ヌマモリ	ヌ
ぬま森	ヌマモリ	ヌ
ヌマ森	ヌマモリ	ヌ
沼間守一	ヌマモリカズ	ヌ
沼屋	ヌマヤ	ヌ
沼屋汐美	ヌマヤシオミ	ヌ
沼夜濤	ヌマヤトウ	ヌ
沼山	ヌマヤマ	ヌ
沼山大沼	ヌマヤマオオヌマ	ヌ
沼山古墳	ヌマヤマコフン	ヌ
沼やま峠	ヌマヤマトウゲ	ヌ
ヌマ山トウゲ	ヌマヤマトウゲ	ヌ
ぬまやまとうげ	ヌマヤマトウゲ	ヌ
ヌマヤマトウゲ	ヌマヤマトウゲ	ヌ
ぬま山とうげ	ヌマヤマトウゲ	ヌ
ヌマヤマ峠	ヌマヤマトウゲ	ヌ
沼ヤマ峠	ヌマヤマトウゲ	ヌ
沼山トウゲ	ヌマヤマトウゲ	ヌ
沼ヤマトウゲ	ヌマヤマトウゲ	ヌ
ぬま山峠	ヌマヤマトウゲ	ヌ
ヌマ山峠	ヌマヤマトウゲ	ヌ
沼やまとうげ	ヌマヤマトウゲ	ヌ
沼山とうげ	ヌマヤマトウゲ	ヌ
沼山峠	ヌマヤマトウゲ	ヌ
ぬまやま峠	ヌマヤマトウゲ	ヌ
沼裕華	ヌマユウカ	ヌ
ヌマヨコクビガメ	ヌマヨコクビガメ	ヌ
ヌマヨシキリ	ヌマヨシキリ	ヌ
沼よしのぶ	ヌマヨシノブ	ヌ
ヌマヨモギ	ヌマヨモギ	ヌ
沼艾	ヌマヨモギ	ヌ
沼る	ヌマル	ヌ
沼和田	ヌマワダ	ヌ
沼和田町	ヌマワダチョウ	ヌ
ヌマワニ	ヌマワニ	ヌ
ヌマンシア	ヌマンシア	ヌ
ヌマンティア戦争	ヌマンティアセンソウ	ヌ
ヌミコ	ヌミコ	ヌ
ヌミダ	ヌミダ	ヌ
ヌミディア	ヌミディア	ヌ
ヌミトル	ヌミトル	ヌ
ヌミドテリウム	ヌミドテリウム	ヌ
布村奈緒子	ヌムラナオコ	ヌ
ヌムリ根	ヌムリネ	ヌ
絖	ヌメ	ヌ
ヌメア	ヌメア	ヌ
ヌメア国際空港	ヌメアコクサイクウコウ	ヌ
ヌメイル	ヌメイル	ヌ
滑胡麻	ヌメゴマ	ヌ
ヌメゴマ	ヌメゴマ	ヌ
ぬめっとう	ヌメットウ	ヌ
ヌメニオス	ヌメニオス	ヌ
ヌメモン	ヌメモン	ヌ
ヌメヤカ	ヌメヤカ	ヌ
ヌメラ	ヌメラ	ヌ
ヌメラのサナトリウム	ヌメラノサナトリウム	ヌ
Numeri	ヌメリ	ヌ
ぬめり	ヌメリ	ヌ
ヌメリ	ヌメリ	ヌ
numeri	ヌメリ	ヌ
ヌメリアヌス	ヌメリアヌス	ヌ
ヌメリイグチ	ヌメリイグチ	ヌ
ヌメリウスファビウスピクトル	ヌメリウスファビウスピクトル	ヌ
ヌメリウス・ファビウス・ピクトル	ヌメリウスファビウスピクトル	ヌ
ヌメリウスファビウスブテオ	ヌメリウスファビウスブテオ	ヌ
ヌメリウス・ファビウス・ブテオ	ヌメリウスファビウスブテオ	ヌ
滑めり草	ヌメリグサ	ヌ
ヌメリグサ	ヌメリグサ	ヌ
ヌメリゴチ	ヌメリゴチ	ヌ
滑鯒	ヌメリゴチ	ヌ
ヌメリササタケ	ヌメリササタケ	ヌ
ヌメリスギタケモドキ	ヌメリスギタケモドキ	ヌ
奴メリ谷	ヌメリダニ	ヌ
滑莧	ヌメリビユ	ヌ
ヌメリビユ	ヌメリビユ	ヌ
ヌメルゴン	ヌメルゴン	ヌ
ヌメルス・クラウズス	ヌメルスクラウズス	ヌ
ヌメルスクラウズス	ヌメルスクラウズス	ヌ
ヌメロ	ヌメロ	ヌ
ヌメロニム	ヌメロニム	ヌ
numer0n	ヌメロン	ヌ
Numer0n	ヌメロン	ヌ
numeron	ヌメロン	ヌ
ヌメロン	ヌメロン	ヌ
NumerOn	ヌメロン	ヌ
ヌメンタ	ヌメンタ	ヌ
沼本克明	ヌモトカツアキ	ヌ
沼本房家	ヌモトフサイエ	ヌ
ぬもとるやま	ヌモトルヤマ	ヌ
ヌモトルヤマ	ヌモトルヤマ	ヌ
ヌモトル山	ヌモトルヤマ	ヌ
ヌモンジョン・ハキモフ	ヌモンジョンハキモフ	ヌ
ヌモンジョンハキモフ	ヌモンジョンハキモフ	ヌ
ヌモン・ハサノフ	ヌモンハサノフ	ヌ
ヌモンハサノフ	ヌモンハサノフ	ヌ
ぬャカな	ヌャカナ	ヌ
奴山	ヌヤマ	ヌ
ぬやま	ヌヤマ	ヌ
沼山津	ヌヤマヅ	ヌ
ぬゅぬゅゅゆゅゅゅゅゅ	ヌュヌュュユュュュュュ	ヌ
ヌラタ	ヌラタ	ヌ
ヌラヌラソング	ヌラヌラソング	ヌ
ぬら孫	ヌラマゴ	ヌ
ぬら孫ラジオ百鬼夜Go!	ヌラマゴラジオヒャッキヤゴウ	ヌ
ぬら孫ラジオ 百鬼夜Go！	ヌラマゴラジオヒャッキヤゴウ	ヌ
ヌラマゴラジオヒャッキヤゴウ	ヌラマゴラジオヒャッキヤゴウ	ヌ
ぬら孫ラジオ百鬼夜go!	ヌラマゴラジオヒャッキヤゴウ	ヌ
ぬら孫ラジオ 百鬼夜go！	ヌラマゴラジオヒャッキヤゴウ	ヌ
ヌララグスレックス	ヌララグスレックス	ヌ
ヌララグス・レックス	ヌララグスレックス	ヌ
濡羅吏	ヌラリ	ヌ
奴良リクオ	ヌラリクオ	ヌ
ぬらり神	ヌラリシン	ヌ
奴良鯉伴	ヌラリハン	ヌ
ぬらりひょん	ヌラリヒョン	ヌ
ぬらりひょん吉	ヌラリヒョンキチ	ヌ
ぬらりひょんの孫	ヌラリヒョンノマゴ	ヌ
ぬらりひょんの孫千年魔京	ヌラリヒョンノマゴセンネンマキョウ	ヌ
ぬらりひょんの孫-千年魔京-	ヌラリヒョンノマゴセンネンマキョウ	ヌ
ぬらりひょんの孫 千年魔京	ヌラリヒョンノマゴセンネンマキョウ	ヌ
ぬらりひょんの孫〜千年魔京〜	ヌラリヒョンノマゴセンネンマキョウ	ヌ
ぬらりひょんの孫~千年魔京~	ヌラリヒョンノマゴセンネンマキョウ	ヌ
ぬらりひょんの孫のディスコグラフィ	ヌラリヒョンノマゴノディスコグラフィ	ヌ
塗られた本	ヌラレタホン	ヌ
奴良若菜	ヌラワカナ	ヌ
ヌランド報道官	ヌランドホウドウカン	ヌ
塗	ヌリ	ヌ
ヌリ	ヌリ	ヌ
塗リ	ヌリ	ヌ
塗り	ヌリ	ヌ
塗合	ヌリアイ	ヌ
ヌリア・エスペル	ヌリアエスペル	ヌ
ヌリアエスペル	ヌリアエスペル	ヌ
ヌリアゴンザレス	ヌリアゴンザレス	ヌ
ヌリア・ゴンザレス	ヌリアゴンザレス	ヌ
ヌリア・リアル	ヌリアリアル	ヌ
ヌリアリアル	ヌリアリアル	ヌ
ヌリアリャゴステラビベス	ヌリアリャゴステラビベス	ヌ
ヌリア・リャゴステラ・ビベス	ヌリアリャゴステラビベス	ヌ
ヌリア・ロレンツ	ヌリアロレンツ	ヌ
ヌリアロレンツ	ヌリアロレンツ	ヌ
塗井	ヌリイ	ヌ
塗イタ	ヌリイタ	ヌ
塗いた	ヌリイタ	ヌ
ヌリイタ	ヌリイタ	ヌ
ぬり板	ヌリイタ	ヌ
ぬりいた	ヌリイタ	ヌ
ヌリ板	ヌリイタ	ヌ
ヌリ絵	ヌリエ	ヌ
塗絵	ヌリエ	ヌ
塗リ絵	ヌリエ	ヌ
塗え	ヌリエ	ヌ
塗リエ	ヌリエ	ヌ
塗り絵	ヌリエ	ヌ
塗エ	ヌリエ	ヌ
ぬりえ	ヌリエ	ヌ
塗りえ	ヌリエ	ヌ
ぬり絵	ヌリエ	ヌ
塗岡	ヌリオカ	ヌ
塗和也	ヌリカズヤ	ヌ
ぬりかべ	ヌリカベ	ヌ
ぬり壁	ヌリカベ	ヌ
塗壁	ヌリカベ	ヌ
塗リ壁	ヌリカベ	ヌ
ヌリ壁	ヌリカベ	ヌ
塗かべ	ヌリカベ	ヌ
塗りかべ	ヌリカベ	ヌ
塗リカベ	ヌリカベ	ヌ
塗カベ	ヌリカベ	ヌ
ヌリカベ	ヌリカベ	ヌ
ぬりがさやま	ヌリガサヤマ	ヌ
ヌリガサヤマ	ヌリガサヤマ	ヌ
塗笠山	ヌリガサヤマ	ヌ
塗川	ヌリガワ	ヌ
ぬり川	ヌリガワ	ヌ
塗ガワ	ヌリガワ	ヌ
ヌリガワ	ヌリガワ	ヌ
ヌリ川	ヌリガワ	ヌ
塗木	ヌリキ	ヌ
ヌリクン	ヌリクン	ヌ
塗薬	ヌリグスリ	ヌ
ぬり薬	ヌリグスリ	ヌ
塗グスリ	ヌリグスリ	ヌ
塗ぐすり	ヌリグスリ	ヌ
塗り薬	ヌリグスリ	ヌ
ヌリ薬	ヌリグスリ	ヌ
柳宿	ヌリコ	ヌ
塗篭	ヌリゴメ	ヌ
ヌリゴメ	ヌリゴメ	ヌ
ぬりごめ	ヌリゴメ	ヌ
누리공	ヌリゴン	ヌ
ヌリゴン	ヌリゴン	ヌ
ヌリサヒン	ヌリサヒン	ヌ
ヌリ・サヒン	ヌリサヒン	ヌ
ヌリ師	ヌリシ	ヌ
ぬりし	ヌリシ	ヌ
ぬり師	ヌリシ	ヌ
ヌリシ	ヌリシ	ヌ
塗島	ヌリシマ	ヌ
ヌリ・シャヒン	ヌリシャヒン	ヌ
ヌリシャヒン	ヌリシャヒン	ヌ
塗師亮	ヌリシリョウ	ヌ
塗園	ヌリゾノ	ヌ
塗田	ヌリタ	ヌ
塗立	ヌリタテ	ヌ
塗タテ	ヌリタテ	ヌ
塗たて	ヌリタテ	ヌ
ヌリ立	ヌリタテ	ヌ
塗りたて	ヌリタテ	ヌ
塗リタテ	ヌリタテ	ヌ
ぬり立	ヌリタテ	ヌ
塗谷	ヌリタニ	ヌ
農利埿	ヌリデ	ヌ
ヌリデ	ヌリデ	ヌ
ヌリトディン・ムヒトディノフ	ヌリトディンムヒトディノフ	ヌ
ヌリトディンムヒトディノフ	ヌリトディンムヒトディノフ	ヌ
ヌリトラノオ	ヌリトラノオ	ヌ
塗虎の尾	ヌリトラノオ	ヌ
ぬり塗り	ヌリヌリ	ヌ
塗塗り	ヌリヌリ	ヌ
ヌリ塗	ヌリヌリ	ヌ
塗リ塗リ	ヌリヌリ	ヌ
塗りぬり	ヌリヌリ	ヌ
塗ぬり	ヌリヌリ	ヌ
ヌリ塗リ	ヌリヌリ	ヌ
塗塗	ヌリヌリ	ヌ
塗ヌリ	ヌリヌリ	ヌ
ヌリヌリ	ヌリヌリ	ヌ
塗り塗	ヌリヌリ	ヌ
ぬりぬり	ヌリヌリ	ヌ
塗塗リ	ヌリヌリ	ヌ
塗リヌリ	ヌリヌリ	ヌ
塗リ塗	ヌリヌリ	ヌ
ぬり塗	ヌリヌリ	ヌ
塗野	ヌリノ	ヌ
塗り残し	ヌリノコシ	ヌ
塗信	ヌリノブ	ヌ
ヌリバシ	ヌリバシ	ヌ
塗箸	ヌリバシ	ヌ
塗箸木	ヌリバシノキ	ヌ
ヌリバシノキ	ヌリバシノキ	ヌ
ぬりバン	ヌリバン	ヌ
塗廣	ヌリヒロ	ヌ
塗広	ヌリヒロ	ヌ
ヌリ・ビルゲ・ジェイラン	ヌリビルゲジェイラン	ヌ
ヌリビルゲジェイラン	ヌリビルゲジェイラン	ヌ
漆部	ヌリベ	ヌ
塗塀	ヌリベ	ヌ
漆部司	ヌリベシ	ヌ
漆部神社	ヌリベジンジャ	ヌ
漆部兄	ヌリベノアニ	ヌ
漆部伊波	ヌリベノイワ	ヌ
漆部君足	ヌリベノキミタリ	ヌ
漆部友背	ヌリベノトモセ	ヌ
漆部麻呂	ヌリベノマロ	ヌ
漆部道麻呂	ヌリベノミチマロ	ヌ
塗仏	ヌリボトケ	ヌ
塗仏の宴	ヌリボトケノウタゲ	ヌ
塗仏の宴宴の支度	ヌリボトケノウタゲウタゲノシタク	ヌ
塗仏の宴宴の始末	ヌリボトケノウタゲウタゲノシマツ	ヌ
塗村	ヌリムラ	ヌ
塗本	ヌリモト	ヌ
塗り物	ヌリモノ	ヌ
塗もの	ヌリモノ	ヌ
ぬりもの	ヌリモノ	ヌ
塗モノ	ヌリモノ	ヌ
塗リモノ	ヌリモノ	ヌ
ヌリモノ	ヌリモノ	ヌ
塗リ物	ヌリモノ	ヌ
塗りもの	ヌリモノ	ヌ
ヌリ物	ヌリモノ	ヌ
ぬり物	ヌリモノ	ヌ
塗物	ヌリモノ	ヌ
塗森	ヌリモリ	ヌ
塗家	ヌリヤ	ヌ
塗矢	ヌリヤ	ヌ
ヌリョンイ	ヌリョンイ	ヌ
ヌリルミジャスニ	ヌリルミジャスニ	ヌ
ヌリルミ・ジャスニ	ヌリルミジャスニ	ヌ
ヌリロ	ヌリロ	ヌ
ヌリワラビ	ヌリワラビ	ヌ
塗り蕨	ヌリワラビ	ヌ
Null	ヌル	ヌ
null	ヌル	ヌ
ヌル	ヌル	ヌ
NULL	ヌル	ヌ
ヌル・アダド	ヌルアダド	ヌ
ヌルアダド	ヌルアダド	ヌ
溜井	ヌルイ	ヌ
ヌルイガワ	ヌルイガワ	ヌ
沼井川	ヌルイガワ	ヌ
温川	ヌルイガワ	ヌ
ぬるいぬるい	ヌルイヌルイ	ヌ
ヌル・イリ	ヌルイリ	ヌ
ヌルイリ	ヌルイリ	ヌ
ヌル・エルフィラ・ロイ	ヌルエルフィラロイ	ヌ
ヌルエルフィラロイ	ヌルエルフィラロイ	ヌ
ぬるオタ	ヌルオタ	ヌ
ヌル・オタン	ヌルオタン	ヌ
ヌルオタン	ヌルオタン	ヌ
温川温泉	ヌルカワオンセン	ヌ
ぬるかわさわ	ヌルカワサワ	ヌ
温川沢	ヌルカワサワ	ヌ
ヌルカワサワ	ヌルカワサワ	ヌ
ヌルガリエフ	ヌルガリエフ	ヌ
温ガワ	ヌルガワ	ヌ
ぬる川	ヌルガワ	ヌ
ヌルガワ	ヌルガワ	ヌ
ヌル川	ヌルガワ	ヌ
ヌルガン	ヌルガン	ヌ
塗木岡	ヌルキオカ	ヌ
塗木弘幸	ヌルキヒロユキ	ヌ
塗木莉緒	ヌルキリオ	ヌ
ヌルギュル・イェシルチャイ	ヌルギュルイェシルチャイ	ヌ
ヌルギュルイェシルチャイ	ヌルギュルイェシルチャイ	ヌ
ヌルクライン	ヌルクライン	ヌ
ぬるけん	ヌルケン	ヌ
ヌルコム	ヌルコム	ヌ
温沢川	ヌルサワガワ	ヌ
ヌルシア	ヌルシア	ヌ
ヌルシアのベネディクトゥス	ヌルシアノベネディクトゥス	ヌ
ヌル終端文字列	ヌルシュウタンモジレツ	ヌ
ヌルスフヤニモハメドタイビ	ヌルスフヤニモハメドタイビ	ヌ
ヌル・スフヤニ・モハメド・タイビ	ヌルスフヤニモハメドタイビ	ヌ
ヌルスルタン	ヌルスルタン	ヌ
ヌルスルタン・アビシェヴィッチ・ナザルバエフ	ヌルスルタンアビシェヴィッチナザルバエフ	ヌ
ヌルスルタンアビシェヴィッチナザルバエフ	ヌルスルタンアビシェヴィッチナザルバエフ	ヌ
ヌルスルタンナザルバエフ	ヌルスルタンナザルバエフ	ヌ
ヌルスルタン・ナザルバエフ	ヌルスルタンナザルバエフ	ヌ
ヌルスルタンナザルバエフ国際空港	ヌルスルタンナザルバエフコクサイクウコウ	ヌ
ヌルスルタン・ナザルバエフ国際空港	ヌルスルタンナザルバエフコクサイクウコウ	ヌ
ヌルスルヤニモハメドタイビ	ヌルスルヤニモハメドタイビ	ヌ
ヌル・スルヤニ・モハメド・タイビ	ヌルスルヤニモハメドタイビ	ヌ
nulls	ヌルズ	ヌ
Nulls	ヌルズ	ヌ
ヌルズ	ヌルズ	ヌ
ヌルセル・キョセ	ヌルセルキョセ	ヌ
ヌルセルキョセ	ヌルセルキョセ	ヌ
ヌルタイアブィカエフ	ヌルタイアブィカエフ	ヌ
ヌルタイ・アブィカエフ	ヌルタイアブィカエフ	ヌ
ヌルタイ・ドゥトバエフ	ヌルタイドゥトバエフ	ヌ
ヌルタイドゥトバエフ	ヌルタイドゥトバエフ	ヌ
白膠	ヌルデ	ヌ
奴留手	ヌルデ	ヌ
塩膚木	ヌルデ	ヌ
ヌルデ	ヌルデ	ヌ
五備子	ヌルデ	ヌ
白膠木	ヌルデ	ヌ
塩膚木蚜虫	ヌルデアブラムシ	ヌ
ヌルデアブラムシ	ヌルデアブラムシ	ヌ
ヌルディンブカリ	ヌルディンブカリ	ヌ
ヌルディン・ブカリ	ヌルディンブカリ	ヌ
ヌルディンモハンマドトップ	ヌルディンモハンマドトップ	ヌ
ヌルディン・モハンマド・トップ	ヌルディンモハンマドトップ	ヌ
白膠木簓	ヌルデササラ	ヌ
塩膚木五倍子	ヌルデノミミフシ	ヌ
ヌルデノミミフシ	ヌルデノミミフシ	ヌ
ヌルデモミジ	ヌルデモミジ	ヌ
白膠木紅葉	ヌルデモミジ	ヌ
塗戸	ヌルト	ヌ
ヌル島	ヌルトウ	ヌ
塗戸町	ヌルトマチ	ヌ
ぬるぬる王子	ヌルヌルオウジ	ヌ
ヌルヌル男	ヌルヌルオトコ	ヌ
ぬるぬる坊主	ヌルヌルボウズ	ヌ
ヌルハチ	ヌルハチ	ヌ
ヌルハチウス	ヌルハチウス	ヌ
ヌルバキト・テニスバエフ	ヌルバキトテニスバエフ	ヌ
ヌルバキトテニスバエフ	ヌルバキトテニスバエフ	ヌ
ヌルプレイ	ヌルプレイ	ヌ
ヌルベクエゲン	ヌルベクエゲン	ヌ
ヌルベク・エゲン	ヌルベクエゲン	ヌ
ヌルベクトル	ヌルベクトル	ヌ
ヌル・ベクリ	ヌルベクリ	ヌ
ヌルベクリ	ヌルベクリ	ヌ
ぬるぺた	ヌルペタ	ヌ
ぬる坊	ヌルボウ	ヌ
ぬるぽ	ヌルポ	ヌ
ヌルポインタ	ヌルポインタ	ヌ
NullPointerException	ヌルポインタエクセプション	ヌ
ヌルポインタエクセプション	ヌルポインタエクセプション	ヌ
nullpointerexception	ヌルポインタエクセプション	ヌ
ぬるぽって言って一時間以内にガッてされなかったら王者	ヌルポッテイッテイチジカンイナイニガッテサレナカッタラオウジャ	ヌ
ぬるぽって言って一時間以内にガッてされなかったら王者。	ヌルポッテイッテイチジカンイナイニガッテサレナカッタラオウジャ	ヌ
ぬるぽん	ヌルポン	ヌ
ぬるま湯	ヌルマユ	ヌ
微温湯	ヌルマユ	ヌ
ぬるまゆ	ヌルマユ	ヌ
ヌルマ湯	ヌルマユ	ヌ
ヌルマユ	ヌルマユ	ヌ
ヌルマユ上海兄弟	ヌルマユシャンハイキョウダイ	ヌ
ヌルミスアリ	ヌルミスアリ	ヌ
ヌル・ミスアリ	ヌルミスアリ	ヌ
温水西	ヌルミズニシ	ヌ
ヌルミヤルヴィ	ヌルミヤルヴィ	ヌ
ぬるめうどん	ヌルメウドン	ヌ
ヌルメラ	ヌルメラ	ヌ
ヌルモデム	ヌルモデム	ヌ
温湯	ヌルユ	ヌ
奴留由	ヌルユ	ヌ
奴留湯	ヌルユ	ヌ
怒留湯	ヌルユ	ヌ
ぬるゆ	ヌルユ	ヌ
奴畄湯	ヌルユ	ヌ
温湯温泉	ヌルユオンセン	ヌ
微温湯温泉	ヌルユオンセン	ヌ
奴留湯温泉	ヌルユオンセン	ヌ
ヌルラト	ヌルラト	ヌ
ヌルラン・バルギンバエフ	ヌルランバルギンバエフ	ヌ
ヌルランバルギンバエフ	ヌルランバルギンバエフ	ヌ
ヌルルハクオリュミ	ヌルルハクオリュミ	ヌ
ヌルルハク・オリュミ	ヌルルハクオリュミ	ヌ
ヌルヴィ	ヌルヴィ	ヌ
濡レ	ヌレ	ヌ
ぬれ	ヌレ	ヌ
ヌレ	ヌレ	ヌ
濡れ	ヌレ	ヌ
Nureyev	ヌレイエフ	ヌ
ヌレイエフ	ヌレイエフ	ヌ
nureyev	ヌレイエフ	ヌ
ヌレイエフ系	ヌレイエフケイ	ヌ
濡石	ヌレイシ	ヌ
濡色	ヌレイロ	ヌ
ヌレイロ	ヌレイロ	ヌ
ぬれいろ	ヌレイロ	ヌ
ヌレエフ	ヌレエフ	ヌ
濡縁	ヌレエン	ヌ
濡れえん	ヌレエン	ヌ
濡エン	ヌレエン	ヌ
濡えん	ヌレエン	ヌ
濡レ縁	ヌレエン	ヌ
濡レエン	ヌレエン	ヌ
濡れ縁	ヌレエン	ヌ
ヌレ縁	ヌレエン	ヌ
ぬれ縁	ヌレエン	ヌ
濡れ落ち葉	ヌレオチバ	ヌ
ぬれがみ	ヌレガミ	ヌ
濡髪	ヌレガミ	ヌ
ヌレガミ	ヌレガミ	ヌ
濡髪大明神	ヌレガミダイミョウジン	ヌ
濡紙を剥がすよう	ヌレガミヲハガスヨウ	ヌ
濡鴉	ヌレガラス	ヌ
濡木	ヌレキ	ヌ
濡木理	ヌレキオサム	ヌ
濡木痴夢男	ヌレキチムオ	ヌ
ぬれぎぬ	ヌレギヌ	ヌ
濡衣	ヌレギヌ	ヌ
ぬれ衣	ヌレギヌ	ヌ
濡れ衣	ヌレギヌ	ヌ
濡れ衣を着せる	ヌレギヌヲキセル	ヌ
濡れ事	ヌレゴト	ヌ
濡事	ヌレゴト	ヌ
濡事師	ヌレゴトシ	ヌ
ヌレゴトシ	ヌレゴトシ	ヌ
濡事シ	ヌレゴトシ	ヌ
ぬれごとし	ヌレゴトシ	ヌ
ヌレゴト師	ヌレゴトシ	ヌ
ぬれごと師	ヌレゴトシ	ヌ
ヌ・レスリング	ヌレスリング	ヌ
ヌレスリング	ヌレスリング	ヌ
ぬれせん	ヌレセン	ヌ
ぬれせんべい	ヌレセンベイ	ヌ
ぬれ煎餅	ヌレセンベイ	ヌ
濡れた心	ヌレタココロ	ヌ
濡れたらダメよ	ヌレタラダメヨ	ヌ
濡田	ヌレダ	ヌ
濡手	ヌレテ	ヌ
ヌレ手	ヌレテ	ヌ
ぬれ手	ヌレテ	ヌ
濡手で粟	ヌレテデアワ	ヌ
濡れてで粟	ヌレテデアワ	ヌ
濡れ手であわ	ヌレテデアワ	ヌ
濡手デ粟	ヌレテデアワ	ヌ
濡レテデ粟	ヌレテデアワ	ヌ
濡テデ粟	ヌレテデアワ	ヌ
ヌレ手デ粟	ヌレテデアワ	ヌ
濡れ手で粟	ヌレテデアワ	ヌ
ぬれてであわ	ヌレテデアワ	ヌ
ぬれ手で粟	ヌレテデアワ	ヌ
ヌレテデ粟	ヌレテデアワ	ヌ
ヌレ手デアワ	ヌレテデアワ	ヌ
ヌレテデアワ	ヌレテデアワ	ヌ
濡てであわ	ヌレテデアワ	ヌ
濡レ手デアワ	ヌレテデアワ	ヌ
濡レテデアワ	ヌレテデアワ	ヌ
ぬれ手であわ	ヌレテデアワ	ヌ
濡れてであわ	ヌレテデアワ	ヌ
濡てで粟	ヌレテデアワ	ヌ
ぬれてで粟	ヌレテデアワ	ヌ
濡テデアワ	ヌレテデアワ	ヌ
濡レ手デ粟	ヌレテデアワ	ヌ
濡手であわ	ヌレテデアワ	ヌ
濡手デアワ	ヌレテデアワ	ヌ
濡れてる牝猫	ヌレテルメスネコ	ヌ
濡れぬ先こそ露をも厭え	ヌレヌサキコソツユヲモイトエ	ヌ
濡れぬ先の傘	ヌレヌサキノカサ	ヌ
ヌレネズミ	ヌレネズミ	ヌ
濡れ鼠	ヌレネズミ	ヌ
濡鼠	ヌレネズミ	ヌ
ぬれねずみ	ヌレネズミ	ヌ
濡れねずみ	ヌレネズミ	ヌ
濡羽	ヌレハ	ヌ
濡浜北	ヌレハマキタ	ヌ
濡羽美烏	ヌレハミウ	ヌ
濡バ	ヌレバ	ヌ
濡れ場	ヌレバ	ヌ
濡レ場	ヌレバ	ヌ
濡レバ	ヌレバ	ヌ
ぬれ場	ヌレバ	ヌ
濡れば	ヌレバ	ヌ
濡場	ヌレバ	ヌ
ヌレ場	ヌレバ	ヌ
濡れ羽色	ヌレバイロ	ヌ
ぬればいろ	ヌレバイロ	ヌ
濡羽橿鳥	ヌレバカケス	ヌ
ヌレバカケス	ヌレバカケス	ヌ
濡れフェチ	ヌレフェチ	ヌ
ヌレボトケ	ヌレボトケ	ヌ
濡仏	ヌレボトケ	ヌ
ぬれぼとけ	ヌレボトケ	ヌ
濡れまんじゅう	ヌレマンジュウ	ヌ
濡れゆく私小説	ヌレユクシショウセツ	ヌ
ヌレンザ	ヌレンザ	ヌ
ヌロンイ	ヌロンイ	ヌ
怒和	ヌワ	ヌ
ヌワジマ	ヌワジマ	ヌ
ぬわじま	ヌワジマ	ヌ
怒和島	ヌワジマ	ヌ
ヌワラエリア	ヌワラエリア	ヌ
ヌワラ・エリヤ	ヌワラエリヤ	ヌ
ヌワラエリヤ	ヌワラエリヤ	ヌ
ヌワラエリヤ県	ヌワラエリヤケン	ヌ
ヌワラ・エリヤ県	ヌワラエリヤケン	ヌ
ヌワラ・エリヤ・ゴルフクラブ	ヌワラエリヤゴルフクラブ	ヌ
ヌワラエリヤゴルフクラブ	ヌワラエリヤゴルフクラブ	ヌ
ぬわらし	ヌワラシ	ヌ
ヌワンコオビオラ	ヌワンコオビオラ	ヌ
ヌワンコ・オビオラ	ヌワンコオビオラ	ヌ
ヌワンコカヌ	ヌワンコカヌ	ヌ
ヌワンコ・カヌ	ヌワンコカヌ	ヌ
暖暖区	ヌワンヌワンダンダンク	ヌ
ヌワンバ	ヌワンバ	ヌ
ヌン	ヌン	ヌ
ヌンイラ華蓮	ヌンイラカレン	ヌ
ヌンイラ玲美	ヌンイラレミ	ヌ
ヌンキ	ヌンキ	ヌ
ヌンク・ディミティス	ヌンクディミティス	ヌ
ヌンクディミティス	ヌンクディミティス	ヌ
ヌン・クン	ヌンクン	ヌ
ヌンクン	ヌンクン	ヌ
ヌンコマ	ヌンコマ	ヌ
눈꼬마	ヌンコマ	ヌ
陵谷駅	ヌンゴクエキ	ヌ
ヌンサ	ヌンサ	ヌ
綾州駅	ヌンジュエキ	ヌ
ヌンスゲ	ヌンスゲ	ヌ
눈쓰개	ヌンスゲ	ヌ
눈설왕	ヌンソルワン	ヌ
ヌンソルワン	ヌンソルワン	ヌ
ヌン族	ヌンゾク	ヌ
ヌンダスクス	ヌンダスクス	ヌ
ヌンチオマラソンマ	ヌンチオマラソンマ	ヌ
ヌンチオ・マラソンマ	ヌンチオマラソンマ	ヌ
ヌンチャク	ヌンチャク	ヌ
ヌンチャン	ヌンチャン	ヌ
ヌンツィオロトンド	ヌンツィオロトンド	ヌ
ヌンツィオ・ロトンド	ヌンツィオロトンド	ヌ
陵内信号場	ヌンネシンゴウジョウ	ヌ
ヌンホル島	ヌンホルトウ	ヌ
ぬんぼ	ヌンボ	ヌ
ヌンヤ	ヌンヤ	ヌ
ヌン・ヤ	ヌンヤ	ヌ
ヌンヨア	ヌンヨア	ヌ
눈여아	ヌンヨア	ヌ
ヌヴィオン	ヌヴィオン	ヌ
ヌヴェルレラシャリテ	ヌヴェルレラシャリテ	ヌ
ヌヴェル＝レ＝ラ＝シャリテ	ヌヴェルレラシャリテ	ヌ
ヌヴォトン	ヌヴォトン	ヌ
Nuvoton	ヌヴォトン	ヌ
nuvoton	ヌヴォトン	ヌ
ヌヴォレント	ヌヴォレント	ヌ
