ん	ン	ン
ン	ン	ン
呉彦祖	ンインズォウ	ン
んがぐぐ	ンガググ	ン
ンガタ	ンガタ	ン
んがっぐっぐ	ンガッグッグ	ン
ンガッパ	ンガッパ	ン
ンガディ・チュリ	ンガディチュリ	ン
ンガディチュリ	ンガディチュリ	ン
ンガ・プル	ンガプル	ン
ンガプル	ンガプル	ン
ンガミ湖	ンガミコ	ン
ンガムバイ語	ンガムバイゴ	ン
ンキンホン	ンキンホン	ン
ン・キンホン	ンキンホン	ン
ンギグミ	ンギグミ	ン
ンクウェバサウルス	ンクウェバサウルス	ン
ングウェヴ	ングウェヴ	ン
ングニエ州	ングニエシュウ	ン
ングニ棒術	ングニボウジュツ	ン
ングラ・ライ国際空港	ングラライコクサイクウコウ	ン
ングラライ国際空港	ングラライコクサイクウコウ	ン
んぐるわ会報	ングルワカイホウ	ン
ンゲマ	ンゲマ	ン
ンゲルルムッド	ンゲルルムッド	ン
ンコ語	ンコゴ	ン
ンコシジョンソン	ンコシジョンソン	ン
ンコシ・ジョンソン	ンコシジョンソン	ン
ンコ文字	ンコモジ	ン
ンコラボナ	ンコラボナ	ン
ンコロイ・ンコロイ	ンコロインコロイ	ン
ンコロインコロイ	ンコロインコロイ	ン
ンコングサンバ	ンコングサンバ	ン
ンゴ	ンゴ	ン
ンゴジオコンジョイウェアラ	ンゴジオコンジョイウェアラ	ン
ンゴジ・オコンジョ・イウェアラ	ンゴジオコンジョイウェアラ	ン
ンゴジ県	ンゴジケン	ン
ンゴニザシェ・マクシャ	ンゴニザシェマクシャ	ン
ンゴニザシェマクシャ	ンゴニザシェマクシャ	ン
ンゴマ	ンゴマ	ン
ンゴラ県	ンゴラケン	ン
ンゴラ・リトモス	ンゴラリトモス	ン
ンゴラリトモス	ンゴラリトモス	ン
ンゴロンゴロ保全地域	ンゴロンゴロホゼンチイキ	ン
ンゴンゴ	ンゴンゴ	ン
ンゴンバ語	ンゴンバゴ	ン
ンサワサラカ	ンサワサラカ	ン
n'sawa-saraca	ンサワサラカ	ン
n’sawa-saraca	ンサワサラカ	ン
ンサンジェ	ンサンジェ	ン
ンザケンジャネ	ンザケンジャネ	ン
ンシビディ文字	ンシビディモジ	ン
ンシマ	ンシマ	ン
ン・シンリン	ンシンリン	ン
ンシンリン	ンシンリン	ン
ンジ州	ンジシュウ	ン
ンジャ	ンジャ	ン
ンジャイ	ンジャイ	ン
ンジャセニャン	ンジャセニャン	ン
ンジャセ・ニャン	ンジャセニャン	ン
n’djamena	ンジャメナ	ン
n'djamena	ンジャメナ	ン
ンジャメナ	ンジャメナ	ン
N’Djamena	ンジャメナ	ン
N'Djamena	ンジャメナ	ン
ンジャメナ国際空港	ンジャメナコクサイクウコウ	ン
んじゃめな本舗	ンジャメナホンポ	ン
ンジョレ	ンジョレ	ン
ンジョンベ州	ンジョンベシュウ	ン
ンゼマ語	ンゼマゴ	ン
ンゼレコレ	ンゼレコレ	ン
ンゼレコレ州	ンゼレコレシュウ	ン
土原豊見親	ンタバルトゥユミャ	ン
ンタレムワイン	ンタレムワイン	ン
ンタレ・ムワイン	ンタレムワイン	ン
んだっきゃ	ンダッキャ	ン
ンチェウ	ンチェウ	ン
ンチェレンゲ	ンチェレンゲ	ン
ンチシ	ンチシ	ン
ンチュミセイメイ	ンチュミセイメイ	ン
んっ！んっ！	ンッンッ	ン
んっ!んっ!	ンッンッ	ン
ンッンッ	ンッンッ	ン
ンデベレ語	ンデベレゴ	ン
ンデレ	ンデレ	ン
ントゥム	ントゥム	ン
ントゥンガモ県	ントゥンガモケン	ン
ントコ	ントコ	ン
ントロコ県	ントロコケン	ン
NNDURA	ンドウラ	ン
ンドウラ	ンドウラ	ン
Nn〜dura	ンドウラ	ン
nn〜dura	ンドウラ	ン
nndura	ンドウラ	ン
NN〜DURA	ンドウラ	ン
Nndura	ンドウラ	ン
ンドカ・ボニフェイス	ンドカボニフェイス	ン
ンドカボニフェイス	ンドカボニフェイス	ン
ンドラ	ンドラ	ン
ンドラ空港	ンドラクウコウ	ン
ンドランゲタ	ンドランゲタ	ン
ンドロ空港	ンドロクウコウ	ン
ンドンガ語	ンドンガゴ	ン
んなことあるか	ンナコトアルカ	ン
ンナムディアジキウェ	ンナムディアジキウェ	ン
ンナムディ・アジキウェ	ンナムディアジキウェ	ン
ンナムディアジキウェ国際空港	ンナムディアジキウェコクサイクウコウ	ン
ンナムディ・アジキウェ国際空港	ンナムディアジキウェコクサイクウコウ	ン
んねさか亜里沙	ンネサカアリサ	ン
ンバイ・デュフ	ンバイデュフ	ン
ンバイデュフ	ンバイデュフ	ン
ンバキ	ンバキ	ン
ン・バキ	ンバキ	ン
ンバギ	ンバギ	ン
ン・バギ	ンバギ	ン
ンバケ	ンバケ	ン
ンバラ	ンバラ	ン
mbalax	ンバラ	ン
ンバンザコンゴ	ンバンザコンゴ	ン
ンバンザ＝コンゴ	ンバンザコンゴ	ン
ンビニ	ンビニ	ン
ンビリアベル	ンビリアベル	ン
ンビリア・ベル	ンビリアベル	ン
んふんふ	ンフンフ	ン
黄文雄	ンブンヒョン	ン
んほぉぉ！イッぐぅぅ！！	ンホォォイッグゥゥ	ン
んぼ	ンボ	ン
んまい	ンマイ	ン
ん廻し	ンマワシ	ン
ンマンタ	ンマンタ	ン
ン・マンタ	ンマンタ	ン
ン・マンチン	ンマンチン	ン
ンマンチン	ンマンチン	ン
ンマンワイ	ンマンワイ	ン
ン・マンワイ	ンマンワイ	ン
ンミンカン	ンミンカン	ン
ン・ミンカン	ンミンカン	ン
ンワイロン	ンワイロン	ン
ン・ワイロン	ンワイロン	ン
ンン	ンン	ン
？？？	ンンン	ン
???	ンンン	ン
ンンン	ンンン	ン
